target_project,used_project,wait_days,method,gmean_bst,r1_bst,r0_bst,mcc_bst
ansible,['ansible'],15,odasc,0.63653,0.6435,0.68664,0.34328
ansible,['brackets'],15,odasc,0.63183,0.67429,0.66531,0.35809
ansible,['broadleaf'],15,odasc,0.59599,0.57898,0.71832,0.32384
ansible,['camel'],15,odasc,0.62024,0.6081,0.72424,0.35746
ansible,['corefx'],15,odasc,0.63676,0.64158,0.68914,0.34393
ansible,['django'],15,odasc,0.59625,0.69196,0.61798,0.33662
ansible,['elasticsearch'],15,odasc,0.5876,0.56864,0.72468,0.32854
ansible,['fabric'],15,odasc,0.65305,0.5509,0.78318,0.35025
ansible,['googleflutter'],15,odasc,0.63649,0.64159,0.68861,0.34343
ansible,['homebrew'],15,odasc,0.63652,0.64171,0.68858,0.34352
ansible,['jgroups'],15,odasc,0.60915,0.66788,0.65251,0.34207
ansible,['neutron'],15,odasc,0.64179,0.66095,0.67914,0.35593
ansible,['node'],15,odasc,0.62783,0.69119,0.64104,0.34963
ansible,['nova'],15,odasc,0.56594,0.65778,0.5708,0.24305
ansible,['npm'],15,odasc,0.62909,0.67973,0.6585,0.35675
ansible,['panda'],15,odasc,0.60854,0.5992,0.71805,0.34287
ansible,['pytorch'],15,odasc,0.65133,0.62478,0.7105,0.34826
ansible,['rails'],15,odasc,0.62282,0.69089,0.64373,0.35265
ansible,['rust'],15,odasc,0.62261,0.62238,0.68527,0.32699
ansible,['tensorflow'],15,odasc,0.6366,0.64329,0.68698,0.34342
ansible,['tomcat'],15,odasc,0.59993,0.69452,0.62656,0.35348
ansible,['vscode'],15,odasc,0.63573,0.64242,0.68617,0.34172
ansible,['wp-calypso'],15,odasc,0.63653,0.64144,0.68874,0.34335
brackets,['ansible'],15,odasc,0.58467,0.70638,0.53503,0.25344
brackets,['brackets'],15,odasc,0.59113,0.67475,0.57782,0.26461
brackets,['broadleaf'],15,odasc,0.57037,0.64251,0.56688,0.21989
brackets,['camel'],15,odasc,0.55157,0.63116,0.57357,0.22638
brackets,['corefx'],15,odasc,0.59113,0.67475,0.57782,0.26462
brackets,['django'],15,odasc,0.57182,0.67706,0.53662,0.2281
brackets,['elasticsearch'],15,odasc,0.5793,0.56099,0.65955,0.22945
brackets,['fabric'],15,odasc,0.57158,0.64912,0.55182,0.20833
brackets,['googleflutter'],15,odasc,0.59099,0.67449,0.5778,0.26433
brackets,['homebrew'],15,odasc,0.59109,0.67466,0.57784,0.26455
brackets,['jgroups'],15,odasc,0.55097,0.69643,0.50127,0.21645
brackets,['neutron'],15,odasc,0.55349,0.69954,0.54179,0.25915
brackets,['node'],15,odasc,0.54948,0.73649,0.46385,0.21756
brackets,['nova'],15,odasc,0.51109,0.74585,0.39236,0.1503
brackets,['npm'],15,odasc,0.5804,0.70469,0.52222,0.24207
brackets,['panda'],15,odasc,0.61123,0.65888,0.60962,0.27918
brackets,['pytorch'],15,odasc,0.57185,0.67755,0.5506,0.24465
brackets,['rails'],15,odasc,0.41756,0.87828,0.22635,0.14294
brackets,['rust'],15,odasc,0.45353,0.86057,0.27995,0.18384
brackets,['tensorflow'],15,odasc,0.59099,0.67447,0.57782,0.26432
brackets,['tomcat'],15,odasc,0.57038,0.7561,0.46239,0.23477
brackets,['vscode'],15,odasc,0.59113,0.67475,0.57782,0.26461
brackets,['wp-calypso'],15,odasc,0.59101,0.67447,0.57785,0.26435
broadleaf,['ansible'],15,odasc,0.60266,0.64096,0.61576,0.25736
broadleaf,['brackets'],15,odasc,0.59127,0.63982,0.59819,0.23957
broadleaf,['broadleaf'],15,odasc,0.61397,0.60482,0.66571,0.26841
broadleaf,['camel'],15,odasc,0.65204,0.75886,0.5663,0.33625
broadleaf,['corefx'],15,odasc,0.614,0.6052,0.66538,0.26844
broadleaf,['django'],15,odasc,0.60905,0.69568,0.54532,0.24989
broadleaf,['elasticsearch'],15,odasc,0.62506,0.59938,0.69399,0.29239
broadleaf,['fabric'],15,odasc,0.62124,0.63836,0.64779,0.28423
broadleaf,['googleflutter'],15,odasc,0.61394,0.60508,0.66539,0.26834
broadleaf,['homebrew'],15,odasc,0.61403,0.60524,0.66541,0.26852
broadleaf,['jgroups'],15,odasc,0.64776,0.74545,0.57699,0.33442
broadleaf,['neutron'],15,odasc,0.62432,0.60776,0.68327,0.28913
broadleaf,['node'],15,odasc,0.62352,0.64971,0.64315,0.29237
broadleaf,['nova'],15,odasc,0.56933,0.62476,0.58705,0.21348
broadleaf,['npm'],15,odasc,0.59245,0.63477,0.60343,0.23827
broadleaf,['panda'],15,odasc,0.58876,0.54194,0.69692,0.24155
broadleaf,['pytorch'],15,odasc,0.61311,0.61522,0.65466,0.26824
broadleaf,['rails'],15,odasc,0.57679,0.8011,0.4294,0.24938
broadleaf,['rust'],15,odasc,0.56697,0.67315,0.54011,0.21999
broadleaf,['tensorflow'],15,odasc,0.61407,0.60523,0.66551,0.26862
broadleaf,['tomcat'],15,odasc,0.6329,0.69617,0.58497,0.29079
broadleaf,['vscode'],15,odasc,0.61406,0.60539,0.66534,0.26861
broadleaf,['wp-calypso'],15,odasc,0.61399,0.60509,0.66548,0.26844
camel,['ansible'],15,odasc,0.63443,0.56077,0.73766,0.30744
camel,['brackets'],15,odasc,0.63443,0.56077,0.73766,0.30744
camel,['broadleaf'],15,odasc,0.62633,0.57496,0.7074,0.29127
camel,['camel'],15,odasc,0.63443,0.56077,0.73766,0.30744
camel,['corefx'],15,odasc,0.63443,0.56077,0.73766,0.30744
camel,['django'],15,odasc,0.61876,0.7518,0.53652,0.29969
camel,['elasticsearch'],15,odasc,0.63443,0.56077,0.73766,0.30744
camel,['fabric'],15,odasc,0.63443,0.56077,0.73766,0.30744
camel,['googleflutter'],15,odasc,0.63443,0.56077,0.73766,0.30744
camel,['homebrew'],15,odasc,0.63443,0.56077,0.73766,0.30744
camel,['jgroups'],15,odasc,0.65138,0.78453,0.56443,0.36085
camel,['neutron'],15,odasc,0.63443,0.56077,0.73766,0.30744
camel,['node'],15,odasc,0.63377,0.55887,0.73824,0.30611
camel,['nova'],15,odasc,0.63443,0.56077,0.73766,0.30744
camel,['npm'],15,odasc,0.63443,0.56077,0.73766,0.30744
camel,['panda'],15,odasc,0.63437,0.56058,0.73775,0.30736
camel,['pytorch'],15,odasc,0.63443,0.56077,0.73766,0.30744
camel,['rails'],15,odasc,0.59366,0.80513,0.46166,0.2897
camel,['rust'],15,odasc,0.63443,0.56077,0.73766,0.30744
camel,['tensorflow'],15,odasc,0.63443,0.56077,0.73766,0.30744
camel,['tomcat'],15,odasc,0.6641,0.70632,0.64149,0.35685
camel,['vscode'],15,odasc,0.63443,0.56077,0.73766,0.30744
camel,['wp-calypso'],15,odasc,0.63443,0.56077,0.73766,0.30744
corefx,['ansible'],15,odasc,0.59343,0.42056,0.8671,0.33124
corefx,['brackets'],15,odasc,0.58508,0.49333,0.7628,0.28292
corefx,['broadleaf'],15,odasc,0.63248,0.50353,0.83868,0.37845
corefx,['camel'],15,odasc,0.63462,0.55116,0.78449,0.35978
corefx,['corefx'],15,odasc,0.4158,0.20479,0.92905,0.20342
corefx,['django'],15,odasc,0.58878,0.55177,0.67763,0.24313
corefx,['elasticsearch'],15,odasc,0.62741,0.65926,0.62345,0.28853
corefx,['fabric'],15,odasc,0.55336,0.4027,0.86391,0.32188
corefx,['googleflutter'],15,odasc,0.3636,0.15581,0.96065,0.19709
corefx,['homebrew'],15,odasc,0.43298,0.2188,0.92706,0.21572
corefx,['jgroups'],15,odasc,0.5285,0.37168,0.85327,0.28022
corefx,['neutron'],15,odasc,0.60495,0.50478,0.78731,0.32087
corefx,['node'],15,odasc,0.57527,0.48076,0.73378,0.23353
corefx,['nova'],15,odasc,0.58361,0.45876,0.82122,0.31913
corefx,['npm'],15,odasc,0.57962,0.43199,0.84704,0.32289
corefx,['panda'],15,odasc,0.52299,0.37839,0.82234,0.24313
corefx,['pytorch'],15,odasc,0.53442,0.31837,0.91612,0.29487
corefx,['rails'],15,odasc,0.56477,0.46706,0.75994,0.2571
corefx,['rust'],15,odasc,0.61749,0.46026,0.85718,0.35607
corefx,['tensorflow'],15,odasc,0.41152,0.19822,0.93667,0.20732
corefx,['tomcat'],15,odasc,0.59169,0.49091,0.81281,0.35079
corefx,['vscode'],15,odasc,0.40322,0.18864,0.94643,0.21364
corefx,['wp-calypso'],15,odasc,0.55974,0.35331,0.92318,0.3418
django,['ansible'],15,odasc,0.6215,0.52125,0.7822,0.31986
django,['brackets'],15,odasc,0.62137,0.52104,0.78222,0.31969
django,['broadleaf'],15,odasc,0.6215,0.52125,0.7822,0.31986
django,['camel'],15,odasc,0.62024,0.51498,0.78876,0.32189
django,['corefx'],15,odasc,0.6215,0.52125,0.7822,0.31986
django,['django'],15,odasc,0.6215,0.52125,0.7822,0.31986
django,['elasticsearch'],15,odasc,0.6215,0.52125,0.7822,0.31986
django,['fabric'],15,odasc,0.6215,0.52125,0.7822,0.31986
django,['googleflutter'],15,odasc,0.6215,0.52125,0.7822,0.31986
django,['homebrew'],15,odasc,0.6215,0.52125,0.7822,0.31986
django,['jgroups'],15,odasc,0.64022,0.6231,0.67763,0.30434
django,['neutron'],15,odasc,0.6215,0.52125,0.7822,0.31986
django,['node'],15,odasc,0.6215,0.52125,0.7822,0.31986
django,['nova'],15,odasc,0.6215,0.52125,0.7822,0.31986
django,['npm'],15,odasc,0.6215,0.52125,0.7822,0.31986
django,['panda'],15,odasc,0.6215,0.52125,0.7822,0.31986
django,['pytorch'],15,odasc,0.6215,0.52125,0.7822,0.31986
django,['rails'],15,odasc,0.5937,0.59008,0.67862,0.27708
django,['rust'],15,odasc,0.6215,0.52125,0.7822,0.31986
django,['tensorflow'],15,odasc,0.6215,0.52125,0.7822,0.31986
django,['tomcat'],15,odasc,0.62299,0.5166,0.79389,0.32989
django,['vscode'],15,odasc,0.62137,0.52104,0.78222,0.31969
django,['wp-calypso'],15,odasc,0.62137,0.52104,0.78222,0.31969
elasticsearch,['ansible'],15,odasc,0.51261,0.3597,0.85915,0.26082
elasticsearch,['brackets'],15,odasc,0.47939,0.30017,0.87852,0.2196
elasticsearch,['broadleaf'],15,odasc,0.6056,0.48859,0.81251,0.32927
elasticsearch,['camel'],15,odasc,0.62097,0.50961,0.81018,0.34357
elasticsearch,['corefx'],15,odasc,0.5232,0.36148,0.86815,0.26925
elasticsearch,['django'],15,odasc,0.55552,0.5038,0.69101,0.20755
elasticsearch,['elasticsearch'],15,odasc,0.52315,0.36138,0.86813,0.26912
elasticsearch,['fabric'],15,odasc,0.549,0.41442,0.84548,0.29305
elasticsearch,['googleflutter'],15,odasc,0.5232,0.36148,0.86816,0.26925
elasticsearch,['homebrew'],15,odasc,0.5232,0.36148,0.86816,0.26925
elasticsearch,['jgroups'],15,odasc,0.53587,0.3946,0.81192,0.23354
elasticsearch,['neutron'],15,odasc,0.51162,0.36383,0.84066,0.23631
elasticsearch,['node'],15,odasc,0.55047,0.41456,0.80141,0.24682
elasticsearch,['nova'],15,odasc,0.47877,0.29724,0.86589,0.20041
elasticsearch,['npm'],15,odasc,0.50222,0.33792,0.86112,0.23264
elasticsearch,['panda'],15,odasc,0.47048,0.26663,0.89389,0.2086
elasticsearch,['pytorch'],15,odasc,0.5251,0.36636,0.86726,0.27325
elasticsearch,['rails'],15,odasc,0.58314,0.56991,0.64058,0.22155
elasticsearch,['rust'],15,odasc,0.58286,0.45807,0.83453,0.31753
elasticsearch,['tensorflow'],15,odasc,0.5232,0.36148,0.86816,0.26925
elasticsearch,['tomcat'],15,odasc,0.47741,0.41826,0.70559,0.14098
elasticsearch,['vscode'],15,odasc,0.5232,0.36148,0.86816,0.26925
elasticsearch,['wp-calypso'],15,odasc,0.5232,0.36148,0.86816,0.26925
fabric,['ansible'],15,odasc,0.61896,0.58458,0.68814,0.28036
fabric,['brackets'],15,odasc,0.57793,0.53337,0.68503,0.23238
fabric,['broadleaf'],15,odasc,0.60348,0.60648,0.65456,0.26747
fabric,['camel'],15,odasc,0.63523,0.69796,0.60489,0.31012
fabric,['corefx'],15,odasc,0.60537,0.49425,0.75823,0.26193
fabric,['django'],15,odasc,0.58369,0.6761,0.53002,0.21171
fabric,['elasticsearch'],15,odasc,0.60695,0.48642,0.77299,0.27427
fabric,['fabric'],15,odasc,0.60742,0.49738,0.75866,0.26542
fabric,['googleflutter'],15,odasc,0.60389,0.48963,0.76088,0.26036
fabric,['homebrew'],15,odasc,0.60511,0.49399,0.75803,0.26146
fabric,['jgroups'],15,odasc,0.60459,0.61694,0.63452,0.25751
fabric,['neutron'],15,odasc,0.60283,0.53879,0.7099,0.25936
fabric,['node'],15,odasc,0.60491,0.58444,0.66099,0.25416
fabric,['nova'],15,odasc,0.54192,0.59616,0.56102,0.16658
fabric,['npm'],15,odasc,0.60541,0.57747,0.67136,0.2553
fabric,['panda'],15,odasc,0.53352,0.44537,0.74786,0.21823
fabric,['pytorch'],15,odasc,0.62266,0.55003,0.72664,0.28276
fabric,['rails'],15,odasc,0.61485,0.73602,0.54582,0.29089
fabric,['rust'],15,odasc,0.56756,0.79521,0.4592,0.26258
fabric,['tensorflow'],15,odasc,0.60502,0.49365,0.75843,0.26151
fabric,['tomcat'],15,odasc,0.61862,0.64626,0.63258,0.28714
fabric,['vscode'],15,odasc,0.60689,0.49662,0.75873,0.2648
fabric,['wp-calypso'],15,odasc,0.6059,0.49589,0.75731,0.26249
googleflutter,['ansible'],15,odasc,0.59497,0.39267,0.90852,0.40264
googleflutter,['brackets'],15,odasc,0.43519,0.22682,0.81139,0.15254
googleflutter,['broadleaf'],15,odasc,0.45859,0.28395,0.85879,0.14452
googleflutter,['camel'],15,odasc,0.64597,0.4769,0.85223,0.39043
googleflutter,['corefx'],15,odasc,0.22859,0.07397,0.98132,0.09948
googleflutter,['django'],15,odasc,0.42839,0.26712,0.70813,0.0161
googleflutter,['elasticsearch'],15,odasc,0.44821,0.2467,0.8121,0.17062
googleflutter,['fabric'],15,odasc,0.46518,0.24433,0.94003,0.26446
googleflutter,['googleflutter'],15,odasc,0.12547,0.03652,0.99051,0.02654
googleflutter,['homebrew'],15,odasc,0.08849,0.02066,0.98897,-0.01237
googleflutter,['jgroups'],15,odasc,0.36607,0.15171,0.92888,0.21826
googleflutter,['neutron'],15,odasc,0.19725,0.05655,0.92417,0.0653
googleflutter,['node'],15,odasc,0.30976,0.11217,0.93838,0.17101
googleflutter,['nova'],15,odasc,0.40654,0.18545,0.9051,0.25286
googleflutter,['npm'],15,odasc,0.23177,0.08792,0.92961,0.05917
googleflutter,['panda'],15,odasc,0.33223,0.13758,0.89644,0.07617
googleflutter,['pytorch'],15,odasc,0.43511,0.20205,0.98166,0.29263
googleflutter,['rails'],15,odasc,0.30259,0.11473,0.90539,0.15453
googleflutter,['rust'],15,odasc,0.28763,0.09969,0.95387,0.12709
googleflutter,['tensorflow'],15,odasc,0.15803,0.06662,0.87276,-0.19806
googleflutter,['tomcat'],15,odasc,0.40678,0.18731,0.88937,0.22608
googleflutter,['vscode'],15,odasc,0.14845,0.04395,0.9881,0.03637
googleflutter,['wp-calypso'],15,odasc,0.18327,0.06252,0.96062,-0.00296
homebrew,['ansible'],15,odasc,0.52722,0.40236,0.75079,0.2231
homebrew,['brackets'],15,odasc,0.4765,0.74598,0.54486,0.39071
homebrew,['broadleaf'],15,odasc,0.49392,0.7513,0.54567,0.39524
homebrew,['camel'],15,odasc,0.54142,0.72837,0.55824,0.36438
homebrew,['corefx'],15,odasc,0.55132,0.70887,0.57278,0.36493
homebrew,['django'],15,odasc,0.53073,0.73682,0.56233,0.38952
homebrew,['elasticsearch'],15,odasc,0.50162,0.59731,0.56598,0.26153
homebrew,['fabric'],15,odasc,0.47239,0.75319,0.53996,0.38869
homebrew,['googleflutter'],15,odasc,0.47786,0.76603,0.53657,0.39812
homebrew,['homebrew'],15,odasc,0.35597,0.21254,0.86888,0.12179
homebrew,['jgroups'],15,odasc,0.49257,0.78491,0.53697,0.41056
homebrew,['neutron'],15,odasc,0.60753,0.67543,0.62796,0.40131
homebrew,['node'],15,odasc,0.60246,0.64896,0.64562,0.40772
homebrew,['nova'],15,odasc,0.53946,0.78016,0.54134,0.39771
homebrew,['npm'],15,odasc,0.49346,0.75029,0.54773,0.39657
homebrew,['panda'],15,odasc,0.46961,0.75128,0.53537,0.38014
homebrew,['pytorch'],15,odasc,0.47502,0.37342,0.73182,0.17393
homebrew,['rails'],15,odasc,0.49376,0.78374,0.53387,0.4041
homebrew,['rust'],15,odasc,0.51119,0.53233,0.6108,0.24184
homebrew,['tensorflow'],15,odasc,0.50103,0.62085,0.59767,0.2618
homebrew,['tomcat'],15,odasc,0.54586,0.73319,0.56686,0.40366
homebrew,['vscode'],15,odasc,0.55565,0.70304,0.57457,0.36098
homebrew,['wp-calypso'],15,odasc,0.51284,0.75785,0.54713,0.41487
jgroups,['ansible'],15,odasc,0.48887,0.41372,0.71315,0.12641
jgroups,['brackets'],15,odasc,0.48618,0.41116,0.71248,0.12333
jgroups,['broadleaf'],15,odasc,0.48504,0.41106,0.70988,0.12042
jgroups,['camel'],15,odasc,0.48627,0.41436,0.70923,0.12268
jgroups,['corefx'],15,odasc,0.4846,0.40821,0.7135,0.12153
jgroups,['django'],15,odasc,0.49041,0.39993,0.73592,0.13728
jgroups,['elasticsearch'],15,odasc,0.4856,0.41327,0.70741,0.11997
jgroups,['fabric'],15,odasc,0.48698,0.41284,0.71062,0.12267
jgroups,['googleflutter'],15,odasc,0.48448,0.41211,0.70805,0.11953
jgroups,['homebrew'],15,odasc,0.48626,0.41679,0.70608,0.12198
jgroups,['jgroups'],15,odasc,0.48105,0.39897,0.71793,0.11671
jgroups,['neutron'],15,odasc,0.48613,0.4162,0.70573,0.12119
jgroups,['node'],15,odasc,0.4868,0.41662,0.70652,0.1227
jgroups,['nova'],15,odasc,0.487,0.41388,0.71015,0.12382
jgroups,['npm'],15,odasc,0.48324,0.40622,0.71147,0.11685
jgroups,['panda'],15,odasc,0.48795,0.41682,0.70786,0.12412
jgroups,['pytorch'],15,odasc,0.48548,0.41496,0.70758,0.12198
jgroups,['rails'],15,odasc,0.47867,0.33554,0.81244,0.16
jgroups,['rust'],15,odasc,0.48711,0.41836,0.70537,0.12317
jgroups,['tensorflow'],15,odasc,0.48713,0.41843,0.70701,0.12522
jgroups,['tomcat'],15,odasc,0.48563,0.41489,0.70807,0.12241
jgroups,['vscode'],15,odasc,0.48453,0.4114,0.70805,0.1185
jgroups,['wp-calypso'],15,odasc,0.48819,0.42368,0.69993,0.12243
neutron,['ansible'],15,odasc,0.67332,0.7355,0.62355,0.36343
neutron,['brackets'],15,odasc,0.67563,0.70633,0.65654,0.36635
neutron,['broadleaf'],15,odasc,0.68244,0.67327,0.71677,0.3978
neutron,['camel'],15,odasc,0.64399,0.70655,0.60955,0.32304
neutron,['corefx'],15,odasc,0.59822,0.49496,0.75289,0.26222
neutron,['django'],15,odasc,0.63641,0.58636,0.73341,0.33421
neutron,['elasticsearch'],15,odasc,0.66965,0.67169,0.67493,0.3498
neutron,['fabric'],15,odasc,0.66828,0.65582,0.70496,0.36497
neutron,['googleflutter'],15,odasc,0.58911,0.47433,0.7621,0.25283
neutron,['homebrew'],15,odasc,0.58301,0.4628,0.76737,0.24783
neutron,['jgroups'],15,odasc,0.60526,0.6653,0.61105,0.28996
neutron,['neutron'],15,odasc,0.57998,0.45803,0.77012,0.24651
neutron,['node'],15,odasc,0.5019,0.59983,0.55753,0.16637
neutron,['nova'],15,odasc,0.52937,0.81792,0.38393,0.22607
neutron,['npm'],15,odasc,0.6338,0.73472,0.5872,0.33303
neutron,['panda'],15,odasc,0.58554,0.65189,0.62289,0.27975
neutron,['pytorch'],15,odasc,0.65361,0.63467,0.68462,0.32288
neutron,['rails'],15,odasc,0.36518,0.93007,0.16585,0.14485
neutron,['rust'],15,odasc,0.62634,0.54971,0.73101,0.28763
neutron,['tensorflow'],15,odasc,0.57905,0.45707,0.76907,0.24421
neutron,['tomcat'],15,odasc,0.61266,0.80074,0.50659,0.32279
neutron,['vscode'],15,odasc,0.58321,0.46368,0.76621,0.24725
neutron,['wp-calypso'],15,odasc,0.60491,0.49998,0.75491,0.26912
node,['ansible'],15,odasc,0.57248,0.41947,0.81072,0.25457
node,['brackets'],15,odasc,0.57322,0.42017,0.81128,0.2558
node,['broadleaf'],15,odasc,0.6145,0.48951,0.78417,0.28644
node,['camel'],15,odasc,0.60263,0.54896,0.69462,0.25483
node,['corefx'],15,odasc,0.57251,0.41906,0.81132,0.25482
node,['django'],15,odasc,0.58661,0.55477,0.66081,0.2238
node,['elasticsearch'],15,odasc,0.6129,0.51425,0.74834,0.27564
node,['fabric'],15,odasc,0.57377,0.4389,0.78651,0.24686
node,['googleflutter'],15,odasc,0.57259,0.41963,0.81075,0.25475
node,['homebrew'],15,odasc,0.57254,0.42007,0.80991,0.25419
node,['jgroups'],15,odasc,0.56414,0.60706,0.5981,0.22235
node,['neutron'],15,odasc,0.57583,0.42656,0.80971,0.26028
node,['node'],15,odasc,0.57247,0.41906,0.81128,0.25479
node,['nova'],15,odasc,0.60926,0.51635,0.74406,0.27451
node,['npm'],15,odasc,0.61994,0.53845,0.73242,0.28114
node,['panda'],15,odasc,0.56389,0.40056,0.81813,0.24546
node,['pytorch'],15,odasc,0.57262,0.41923,0.81124,0.25483
node,['rails'],15,odasc,0.52332,0.66683,0.49521,0.16805
node,['rust'],15,odasc,0.59987,0.49519,0.74884,0.25847
node,['tensorflow'],15,odasc,0.57246,0.41946,0.81073,0.25454
node,['tomcat'],15,odasc,0.64455,0.59269,0.70722,0.30363
node,['vscode'],15,odasc,0.57255,0.42031,0.80972,0.25421
node,['wp-calypso'],15,odasc,0.57281,0.41983,0.81098,0.25522
nova,['ansible'],15,odasc,0.64707,0.63824,0.68247,0.32543
nova,['brackets'],15,odasc,0.64695,0.63966,0.68052,0.32473
nova,['broadleaf'],15,odasc,0.60087,0.55419,0.72014,0.284
nova,['camel'],15,odasc,0.58743,0.68616,0.57532,0.27963
nova,['corefx'],15,odasc,0.6468,0.6377,0.68215,0.32432
nova,['django'],15,odasc,0.6195,0.69173,0.58878,0.29046
nova,['elasticsearch'],15,odasc,0.60895,0.70704,0.58173,0.30145
nova,['fabric'],15,odasc,0.6467,0.63881,0.68121,0.32465
nova,['googleflutter'],15,odasc,0.64677,0.63918,0.68088,0.32463
nova,['homebrew'],15,odasc,0.64642,0.63828,0.68083,0.32356
nova,['jgroups'],15,odasc,0.56078,0.79308,0.44609,0.26255
nova,['neutron'],15,odasc,0.64746,0.63942,0.68176,0.32575
nova,['node'],15,odasc,0.60351,0.63644,0.63637,0.28661
nova,['nova'],15,odasc,0.64512,0.63606,0.68133,0.32213
nova,['npm'],15,odasc,0.59175,0.71989,0.55488,0.28856
nova,['panda'],15,odasc,0.63442,0.65124,0.66582,0.32546
nova,['pytorch'],15,odasc,0.64644,0.6386,0.681,0.32424
nova,['rails'],15,odasc,0.53349,0.79795,0.43301,0.25945
nova,['rust'],15,odasc,0.64658,0.66194,0.65747,0.32334
nova,['tensorflow'],15,odasc,0.64707,0.63823,0.6821,0.32474
nova,['tomcat'],15,odasc,0.61218,0.73438,0.55037,0.29618
nova,['vscode'],15,odasc,0.64651,0.63779,0.68173,0.32407
nova,['wp-calypso'],15,odasc,0.64708,0.63976,0.68076,0.32502
npm,['ansible'],15,odasc,0.47882,0.34996,0.71811,0.08257
npm,['brackets'],15,odasc,0.4882,0.34942,0.73905,0.10403
npm,['broadleaf'],15,odasc,0.43766,0.28833,0.81228,0.11888
npm,['camel'],15,odasc,0.54798,0.46057,0.68285,0.15228
npm,['corefx'],15,odasc,0.49531,0.33546,0.7685,0.12329
npm,['django'],15,odasc,0.56198,0.5593,0.58908,0.15284
npm,['elasticsearch'],15,odasc,0.53002,0.40155,0.7319,0.14402
npm,['fabric'],15,odasc,0.50319,0.36631,0.73601,0.11726
npm,['googleflutter'],15,odasc,0.49535,0.33544,0.76842,0.12327
npm,['homebrew'],15,odasc,0.49551,0.33583,0.76814,0.12332
npm,['jgroups'],15,odasc,0.57136,0.64581,0.53579,0.18717
npm,['neutron'],15,odasc,0.49808,0.33321,0.78231,0.13606
npm,['node'],15,odasc,0.52797,0.43713,0.6947,0.14296
npm,['nova'],15,odasc,0.52839,0.37959,0.77096,0.16926
npm,['npm'],15,odasc,0.49531,0.33546,0.7685,0.12329
npm,['panda'],15,odasc,0.47795,0.3046,0.81525,0.14546
npm,['pytorch'],15,odasc,0.49433,0.3337,0.77209,0.12721
npm,['rails'],15,odasc,0.55305,0.66269,0.48556,0.15253
npm,['rust'],15,odasc,0.54194,0.45275,0.69581,0.15902
npm,['tensorflow'],15,odasc,0.49531,0.33546,0.7685,0.12329
npm,['tomcat'],15,odasc,0.57433,0.53577,0.65503,0.19828
npm,['vscode'],15,odasc,0.49458,0.33419,0.76893,0.12277
npm,['wp-calypso'],15,odasc,0.49801,0.3392,0.76881,0.1273
panda,['ansible'],15,odasc,0.68653,0.70223,0.68615,0.39172
panda,['brackets'],15,odasc,0.66782,0.71328,0.64142,0.35982
panda,['broadleaf'],15,odasc,0.65595,0.62458,0.72214,0.35322
panda,['camel'],15,odasc,0.52418,0.74523,0.42239,0.1924
panda,['corefx'],15,odasc,0.65657,0.64205,0.68925,0.33474
panda,['django'],15,odasc,0.48867,0.80059,0.3297,0.15827
panda,['elasticsearch'],15,odasc,0.67291,0.70032,0.6682,0.37402
panda,['fabric'],15,odasc,0.70167,0.73531,0.6846,0.42426
panda,['googleflutter'],15,odasc,0.65652,0.64197,0.68926,0.33467
panda,['homebrew'],15,odasc,0.65653,0.64197,0.68928,0.33469
panda,['jgroups'],15,odasc,0.55888,0.6906,0.50073,0.20579
panda,['neutron'],15,odasc,0.65792,0.64915,0.68521,0.33763
panda,['node'],15,odasc,0.65537,0.8048,0.55038,0.36828
panda,['nova'],15,odasc,0.5402,0.75088,0.43544,0.20856
panda,['npm'],15,odasc,0.65511,0.71942,0.61344,0.33869
panda,['panda'],15,odasc,0.65632,0.6418,0.68907,0.33433
panda,['pytorch'],15,odasc,0.6623,0.65553,0.6857,0.34447
panda,['rails'],15,odasc,0.55706,0.8476,0.38832,0.27163
panda,['rust'],15,odasc,0.54983,0.81901,0.42045,0.27123
panda,['tensorflow'],15,odasc,0.65653,0.64199,0.68926,0.33469
panda,['tomcat'],15,odasc,0.52394,0.77352,0.42353,0.22821
panda,['vscode'],15,odasc,0.65648,0.64197,0.68916,0.33457
panda,['wp-calypso'],15,odasc,0.65657,0.64205,0.68925,0.33474
pytorch,['ansible'],15,odasc,0.54298,0.72614,0.47207,0.21061
pytorch,['brackets'],15,odasc,0.60097,0.74076,0.51194,0.2678
pytorch,['broadleaf'],15,odasc,0.62382,0.59421,0.71715,0.31452
pytorch,['camel'],15,odasc,0.5811,0.70598,0.52314,0.24082
pytorch,['corefx'],15,odasc,0.60146,0.57938,0.68437,0.26529
pytorch,['django'],15,odasc,0.4949,0.73068,0.38228,0.12431
pytorch,['elasticsearch'],15,odasc,0.59709,0.64559,0.58772,0.2414
pytorch,['fabric'],15,odasc,0.60632,0.65065,0.5905,0.24719
pytorch,['googleflutter'],15,odasc,0.53123,0.37479,0.81836,0.21405
pytorch,['homebrew'],15,odasc,0.59218,0.48158,0.77666,0.26415
pytorch,['jgroups'],15,odasc,0.58659,0.52949,0.6725,0.20928
pytorch,['neutron'],15,odasc,0.64695,0.69652,0.62253,0.3269
pytorch,['node'],15,odasc,0.60132,0.5655,0.67147,0.24775
pytorch,['nova'],15,odasc,0.56516,0.46083,0.73313,0.21376
pytorch,['npm'],15,odasc,0.60759,0.56571,0.67079,0.2422
pytorch,['panda'],15,odasc,0.5879,0.70203,0.50313,0.21271
pytorch,['pytorch'],15,odasc,0.59237,0.48229,0.77654,0.26481
pytorch,['rails'],15,odasc,0.5696,0.69164,0.49041,0.18687
pytorch,['rust'],15,odasc,0.52013,0.75843,0.39931,0.16926
pytorch,['tensorflow'],15,odasc,0.62091,0.62214,0.67248,0.29595
pytorch,['tomcat'],15,odasc,0.58853,0.60303,0.62824,0.23738
pytorch,['vscode'],15,odasc,0.59652,0.56907,0.68104,0.25177
pytorch,['wp-calypso'],15,odasc,0.62372,0.65083,0.64689,0.30001
rails,['ansible'],15,odasc,0.4906,0.38356,0.7585,0.17309
rails,['brackets'],15,odasc,0.4906,0.38356,0.7585,0.17309
rails,['broadleaf'],15,odasc,0.4906,0.38356,0.7585,0.17309
rails,['camel'],15,odasc,0.49051,0.38335,0.75872,0.17319
rails,['corefx'],15,odasc,0.4906,0.38356,0.7585,0.17309
rails,['django'],15,odasc,0.51921,0.42321,0.73839,0.18424
rails,['elasticsearch'],15,odasc,0.4906,0.38356,0.7585,0.17309
rails,['fabric'],15,odasc,0.4906,0.38356,0.7585,0.17309
rails,['googleflutter'],15,odasc,0.4906,0.38356,0.7585,0.17309
rails,['homebrew'],15,odasc,0.4906,0.38356,0.7585,0.17309
rails,['jgroups'],15,odasc,0.58412,0.54302,0.65196,0.20062
rails,['neutron'],15,odasc,0.4906,0.38356,0.7585,0.17309
rails,['node'],15,odasc,0.4906,0.38356,0.7585,0.17309
rails,['nova'],15,odasc,0.4906,0.38356,0.7585,0.17309
rails,['npm'],15,odasc,0.4906,0.38356,0.7585,0.17309
rails,['panda'],15,odasc,0.4906,0.38356,0.7585,0.17309
rails,['pytorch'],15,odasc,0.4906,0.38356,0.7585,0.17309
rails,['rails'],15,odasc,0.4906,0.38356,0.7585,0.17309
rails,['rust'],15,odasc,0.4906,0.38356,0.7585,0.17309
rails,['tensorflow'],15,odasc,0.4906,0.38356,0.7585,0.17309
rails,['tomcat'],15,odasc,0.50254,0.40441,0.74654,0.17921
rails,['vscode'],15,odasc,0.4906,0.38356,0.7585,0.17309
rails,['wp-calypso'],15,odasc,0.4906,0.38356,0.7585,0.17309
rust,['ansible'],15,odasc,0.62513,0.5324,0.80642,0.36711
rust,['brackets'],15,odasc,0.62489,0.53211,0.80634,0.36674
rust,['broadleaf'],15,odasc,0.46068,0.24969,0.91563,0.22178
rust,['camel'],15,odasc,0.62121,0.54319,0.79841,0.37673
rust,['corefx'],15,odasc,0.62612,0.53354,0.80712,0.36891
rust,['django'],15,odasc,0.60489,0.54331,0.76517,0.33821
rust,['elasticsearch'],15,odasc,0.61123,0.50544,0.82434,0.37215
rust,['fabric'],15,odasc,0.62052,0.51713,0.8293,0.38494
rust,['googleflutter'],15,odasc,0.62507,0.5325,0.8061,0.36683
rust,['homebrew'],15,odasc,0.62591,0.53338,0.80687,0.36842
rust,['jgroups'],15,odasc,0.62095,0.5517,0.78165,0.36495
rust,['neutron'],15,odasc,0.62134,0.52857,0.81103,0.37042
rust,['node'],15,odasc,0.57936,0.52348,0.74049,0.29434
rust,['nova'],15,odasc,0.66477,0.64549,0.72688,0.38599
rust,['npm'],15,odasc,0.61088,0.46086,0.83976,0.3354
rust,['panda'],15,odasc,0.60147,0.52669,0.80199,0.37
rust,['pytorch'],15,odasc,0.62596,0.53314,0.80748,0.36891
rust,['rails'],15,odasc,0.65791,0.72759,0.67041,0.40726
rust,['rust'],15,odasc,0.62621,0.53365,0.80716,0.36905
rust,['tensorflow'],15,odasc,0.6263,0.5335,0.80766,0.36949
rust,['tomcat'],15,odasc,0.63613,0.57278,0.79996,0.4095
rust,['vscode'],15,odasc,0.626,0.53305,0.80783,0.36936
rust,['wp-calypso'],15,odasc,0.62607,0.53345,0.80716,0.36887
tensorflow,['ansible'],15,odasc,0.65916,0.82304,0.5383,0.37956
tensorflow,['brackets'],15,odasc,0.62442,0.71041,0.59013,0.30752
tensorflow,['broadleaf'],15,odasc,0.64879,0.71343,0.61254,0.33317
tensorflow,['camel'],15,odasc,0.63144,0.81181,0.5172,0.34683
tensorflow,['corefx'],15,odasc,0.66671,0.77556,0.58331,0.36747
tensorflow,['django'],15,odasc,0.58933,0.82488,0.46402,0.32215
tensorflow,['elasticsearch'],15,odasc,0.64738,0.80796,0.53742,0.36362
tensorflow,['fabric'],15,odasc,0.63073,0.78061,0.54634,0.34411
tensorflow,['googleflutter'],15,odasc,0.64582,0.64601,0.6701,0.32236
tensorflow,['homebrew'],15,odasc,0.65375,0.62025,0.70349,0.32731
tensorflow,['jgroups'],15,odasc,0.64628,0.71399,0.61126,0.32989
tensorflow,['neutron'],15,odasc,0.66036,0.7677,0.58015,0.35633
tensorflow,['node'],15,odasc,0.58009,0.77585,0.47458,0.27339
tensorflow,['nova'],15,odasc,0.62597,0.75235,0.57842,0.34203
tensorflow,['npm'],15,odasc,0.61542,0.76972,0.5258,0.30858
tensorflow,['panda'],15,odasc,0.59919,0.7645,0.50807,0.28948
tensorflow,['pytorch'],15,odasc,0.65338,0.67995,0.65305,0.34066
tensorflow,['rails'],15,odasc,0.5925,0.84374,0.46457,0.34079
tensorflow,['rust'],15,odasc,0.52443,0.87247,0.34909,0.25828
tensorflow,['tensorflow'],15,odasc,0.65189,0.62028,0.69981,0.32367
tensorflow,['tomcat'],15,odasc,0.58706,0.80291,0.48687,0.31672
tensorflow,['vscode'],15,odasc,0.65606,0.66842,0.66638,0.33984
tensorflow,['wp-calypso'],15,odasc,0.68296,0.73261,0.64546,0.38197
tomcat,['ansible'],15,odasc,0.56936,0.56679,0.64136,0.21628
tomcat,['brackets'],15,odasc,0.56936,0.56679,0.64136,0.21628
tomcat,['broadleaf'],15,odasc,0.5786,0.57729,0.64674,0.23206
tomcat,['camel'],15,odasc,0.59324,0.53228,0.71829,0.2607
tomcat,['corefx'],15,odasc,0.56936,0.56679,0.64136,0.21628
tomcat,['django'],15,odasc,0.58112,0.68624,0.50843,0.19986
tomcat,['elasticsearch'],15,odasc,0.5696,0.57809,0.62872,0.21447
tomcat,['fabric'],15,odasc,0.56936,0.56679,0.64136,0.21628
tomcat,['googleflutter'],15,odasc,0.56936,0.56679,0.64136,0.21628
tomcat,['homebrew'],15,odasc,0.56936,0.56679,0.64136,0.21628
tomcat,['jgroups'],15,odasc,0.55164,0.77046,0.42978,0.2121
tomcat,['neutron'],15,odasc,0.56936,0.56679,0.64136,0.21628
tomcat,['node'],15,odasc,0.56133,0.54219,0.66723,0.22324
tomcat,['nova'],15,odasc,0.57026,0.56498,0.64526,0.2185
tomcat,['npm'],15,odasc,0.57176,0.58486,0.62462,0.2166
tomcat,['panda'],15,odasc,0.56821,0.56028,0.64753,0.21638
tomcat,['pytorch'],15,odasc,0.56936,0.56679,0.64136,0.21628
tomcat,['rails'],15,odasc,0.5582,0.67249,0.51167,0.19034
tomcat,['rust'],15,odasc,0.56884,0.56725,0.6399,0.21528
tomcat,['tensorflow'],15,odasc,0.56936,0.56679,0.64136,0.21628
tomcat,['tomcat'],15,odasc,0.56936,0.56679,0.64136,0.21628
tomcat,['vscode'],15,odasc,0.56936,0.56679,0.64136,0.21628
tomcat,['wp-calypso'],15,odasc,0.56936,0.56679,0.64136,0.21628
vscode,['ansible'],15,odasc,0.58962,0.62303,0.71618,0.37116
vscode,['brackets'],15,odasc,0.56446,0.66721,0.66992,0.37558
vscode,['broadleaf'],15,odasc,0.54424,0.58805,0.6738,0.29864
vscode,['camel'],15,odasc,0.59852,0.57332,0.73876,0.34632
vscode,['corefx'],15,odasc,0.39436,0.18021,0.93464,0.17075
vscode,['django'],15,odasc,0.57308,0.66895,0.63906,0.341
vscode,['elasticsearch'],15,odasc,0.56842,0.58331,0.67002,0.28772
vscode,['fabric'],15,odasc,0.57531,0.6056,0.73706,0.39718
vscode,['googleflutter'],15,odasc,0.40512,0.17688,0.95271,0.21151
vscode,['homebrew'],15,odasc,0.56367,0.41021,0.8307,0.28738
vscode,['jgroups'],15,odasc,0.56226,0.59827,0.73235,0.38239
vscode,['neutron'],15,odasc,0.5256,0.56745,0.71257,0.33467
vscode,['node'],15,odasc,0.5079,0.56457,0.64417,0.2496
vscode,['nova'],15,odasc,0.49919,0.52327,0.70305,0.28263
vscode,['npm'],15,odasc,0.55308,0.48207,0.78763,0.32914
vscode,['panda'],15,odasc,0.60961,0.67796,0.69297,0.40187
vscode,['pytorch'],15,odasc,0.48777,0.2808,0.88556,0.21071
vscode,['rails'],15,odasc,0.50486,0.56525,0.65398,0.26504
vscode,['rust'],15,odasc,0.56301,0.5524,0.77939,0.39713
vscode,['tensorflow'],15,odasc,0.5327,0.58829,0.62821,0.24105
vscode,['tomcat'],15,odasc,0.5756,0.73822,0.58447,0.34561
vscode,['vscode'],15,odasc,0.56407,0.41043,0.8315,0.28883
vscode,['wp-calypso'],15,odasc,0.584,0.40284,0.8767,0.33451
wp-calypso,['ansible'],15,odasc,0.54411,0.59085,0.55759,0.1383
wp-calypso,['brackets'],15,odasc,0.50511,0.69176,0.39846,0.1134
wp-calypso,['broadleaf'],15,odasc,0.53495,0.47325,0.65041,0.12907
wp-calypso,['camel'],15,odasc,0.56826,0.59114,0.56399,0.16499
wp-calypso,['corefx'],15,odasc,0.53942,0.44383,0.7432,0.1865
wp-calypso,['django'],15,odasc,0.50702,0.60331,0.46392,0.09099
wp-calypso,['elasticsearch'],15,odasc,0.50422,0.48627,0.60723,0.08592
wp-calypso,['fabric'],15,odasc,0.49975,0.55738,0.50608,0.07646
wp-calypso,['googleflutter'],15,odasc,0.48969,0.34602,0.77397,0.12141
wp-calypso,['homebrew'],15,odasc,0.51702,0.44748,0.69678,0.13802
wp-calypso,['jgroups'],15,odasc,0.5259,0.39867,0.72701,0.15452
wp-calypso,['neutron'],15,odasc,0.5682,0.50757,0.64925,0.19839
wp-calypso,['node'],15,odasc,0.55685,0.49344,0.65756,0.17272
wp-calypso,['nova'],15,odasc,0.51756,0.57446,0.48998,0.08907
wp-calypso,['npm'],15,odasc,0.54533,0.47022,0.65955,0.14437
wp-calypso,['panda'],15,odasc,0.49407,0.41156,0.61,0.04239
wp-calypso,['pytorch'],15,odasc,0.54085,0.52822,0.63781,0.15559
wp-calypso,['rails'],15,odasc,0.5232,0.54361,0.54682,0.10094
wp-calypso,['rust'],15,odasc,0.45108,0.59992,0.45309,0.03248
wp-calypso,['tensorflow'],15,odasc,0.54796,0.45721,0.74268,0.19704
wp-calypso,['tomcat'],15,odasc,0.54339,0.4886,0.62781,0.14442
wp-calypso,['vscode'],15,odasc,0.51047,0.44776,0.66888,0.10807
wp-calypso,['wp-calypso'],15,odasc,0.51703,0.44757,0.69666,0.13798
ansible,['ansible'],15,oob,0.60255,0.52638,0.76706,0.32101
ansible,['brackets'],15,oob,0.61269,0.49031,0.82316,0.34946
ansible,['broadleaf'],15,oob,0.52501,0.33773,0.88498,0.27038
ansible,['camel'],15,oob,0.59395,0.49223,0.7951,0.32559
ansible,['corefx'],15,oob,0.60255,0.52638,0.76705,0.321
ansible,['django'],15,oob,0.56916,0.58143,0.69596,0.31455
ansible,['elasticsearch'],15,oob,0.56382,0.44685,0.80525,0.2881
ansible,['fabric'],15,oob,0.51971,0.31759,0.88776,0.25706
ansible,['googleflutter'],15,oob,0.60261,0.52647,0.76705,0.32108
ansible,['homebrew'],15,oob,0.60255,0.52638,0.76704,0.32098
ansible,['jgroups'],15,oob,0.58501,0.58536,0.70635,0.32318
ansible,['neutron'],15,oob,0.59987,0.54089,0.76101,0.33561
ansible,['node'],15,oob,0.60782,0.55386,0.7509,0.33332
ansible,['nova'],15,oob,0.54918,0.59572,0.59561,0.20582
ansible,['npm'],15,oob,0.59711,0.47663,0.79991,0.30982
ansible,['panda'],15,oob,0.53031,0.44187,0.80227,0.3008
ansible,['pytorch'],15,oob,0.62077,0.50697,0.8021,0.33887
ansible,['rails'],15,oob,0.59727,0.61407,0.68055,0.31817
ansible,['rust'],15,oob,0.59564,0.48448,0.80028,0.31723
ansible,['tensorflow'],15,oob,0.60255,0.52638,0.76705,0.321
ansible,['tomcat'],15,oob,0.58903,0.56662,0.72942,0.334
ansible,['vscode'],15,oob,0.60194,0.52528,0.76761,0.32077
ansible,['wp-calypso'],15,oob,0.60251,0.52636,0.76697,0.32089
brackets,['ansible'],15,oob,0.57804,0.54217,0.70038,0.26659
brackets,['brackets'],15,oob,0.58259,0.5593,0.68529,0.2657
brackets,['broadleaf'],15,oob,0.5363,0.40247,0.79621,0.22033
brackets,['camel'],15,oob,0.50967,0.52841,0.64824,0.21087
brackets,['corefx'],15,oob,0.58259,0.5593,0.68529,0.2657
brackets,['django'],15,oob,0.56236,0.55051,0.65583,0.22431
brackets,['elasticsearch'],15,oob,0.57503,0.46565,0.7738,0.25721
brackets,['fabric'],15,oob,0.52688,0.36825,0.81236,0.20475
brackets,['googleflutter'],15,oob,0.58256,0.55927,0.68524,0.26557
brackets,['homebrew'],15,oob,0.58253,0.55928,0.68517,0.26554
brackets,['jgroups'],15,oob,0.55071,0.55294,0.65794,0.24195
brackets,['neutron'],15,oob,0.59666,0.52769,0.73856,0.29129
brackets,['node'],15,oob,0.60026,0.55927,0.69286,0.26562
brackets,['nova'],15,oob,0.53819,0.6214,0.52503,0.15555
brackets,['npm'],15,oob,0.60264,0.52536,0.72971,0.27287
brackets,['panda'],15,oob,0.58193,0.48482,0.76172,0.27525
brackets,['pytorch'],15,oob,0.56245,0.61129,0.60063,0.23417
brackets,['rails'],15,oob,0.56738,0.63748,0.57449,0.2293
brackets,['rust'],15,oob,0.58421,0.64165,0.59474,0.2542
brackets,['tensorflow'],15,oob,0.58256,0.55927,0.68524,0.26558
brackets,['tomcat'],15,oob,0.58021,0.5225,0.71199,0.25514
brackets,['vscode'],15,oob,0.58259,0.5593,0.68529,0.2657
brackets,['wp-calypso'],15,oob,0.58247,0.55923,0.68507,0.26533
broadleaf,['ansible'],15,oob,0.59957,0.53419,0.72732,0.26359
broadleaf,['brackets'],15,oob,0.57965,0.46,0.78056,0.24877
broadleaf,['broadleaf'],15,oob,0.58197,0.45933,0.78522,0.25342
broadleaf,['camel'],15,oob,0.67264,0.64129,0.71552,0.36765
broadleaf,['corefx'],15,oob,0.58194,0.45944,0.78497,0.25323
broadleaf,['django'],15,oob,0.63691,0.59226,0.70977,0.31723
broadleaf,['elasticsearch'],15,oob,0.58025,0.45662,0.78663,0.25366
broadleaf,['fabric'],15,oob,0.60156,0.48747,0.7879,0.28278
broadleaf,['googleflutter'],15,oob,0.58192,0.45923,0.78523,0.25334
broadleaf,['homebrew'],15,oob,0.58197,0.45935,0.78518,0.25339
broadleaf,['jgroups'],15,oob,0.65836,0.62994,0.69969,0.34057
broadleaf,['neutron'],15,oob,0.59272,0.47644,0.7837,0.26811
broadleaf,['node'],15,oob,0.60274,0.48952,0.78978,0.28706
broadleaf,['nova'],15,oob,0.53923,0.42338,0.76061,0.19804
broadleaf,['npm'],15,oob,0.58829,0.51078,0.72775,0.2405
broadleaf,['panda'],15,oob,0.54432,0.39082,0.82499,0.23764
broadleaf,['pytorch'],15,oob,0.59545,0.4912,0.76757,0.26346
broadleaf,['rails'],15,oob,0.59643,0.53093,0.69196,0.23355
broadleaf,['rust'],15,oob,0.59205,0.59612,0.65067,0.24817
broadleaf,['tensorflow'],15,oob,0.58196,0.45934,0.78517,0.25337
broadleaf,['tomcat'],15,oob,0.64137,0.60274,0.69299,0.30655
broadleaf,['vscode'],15,oob,0.5818,0.45918,0.78504,0.25307
broadleaf,['wp-calypso'],15,oob,0.58197,0.45934,0.7852,0.2534
camel,['ansible'],15,oob,0.61555,0.50437,0.77206,0.29117
camel,['brackets'],15,oob,0.61555,0.50437,0.77206,0.29117
camel,['broadleaf'],15,oob,0.61914,0.5317,0.74587,0.28976
camel,['camel'],15,oob,0.61555,0.50437,0.77206,0.29117
camel,['corefx'],15,oob,0.61555,0.50437,0.77206,0.29117
camel,['django'],15,oob,0.66354,0.68411,0.65618,0.34627
camel,['elasticsearch'],15,oob,0.61555,0.50437,0.77206,0.29117
camel,['fabric'],15,oob,0.61555,0.50437,0.77206,0.29117
camel,['googleflutter'],15,oob,0.61555,0.50437,0.77206,0.29117
camel,['homebrew'],15,oob,0.61555,0.50437,0.77206,0.29117
camel,['jgroups'],15,oob,0.64923,0.71319,0.62827,0.34824
camel,['neutron'],15,oob,0.61555,0.50437,0.77206,0.29117
camel,['node'],15,oob,0.61341,0.49742,0.77813,0.2917
camel,['nova'],15,oob,0.61555,0.50437,0.77206,0.29117
camel,['npm'],15,oob,0.61555,0.50437,0.77206,0.29117
camel,['panda'],15,oob,0.61552,0.50436,0.772,0.29109
camel,['pytorch'],15,oob,0.61555,0.50437,0.77206,0.29117
camel,['rails'],15,oob,0.61425,0.71912,0.55782,0.28536
camel,['rust'],15,oob,0.61555,0.50437,0.77206,0.29117
camel,['tensorflow'],15,oob,0.61555,0.50437,0.77206,0.29117
camel,['tomcat'],15,oob,0.6729,0.67545,0.68509,0.36682
camel,['vscode'],15,oob,0.61555,0.50437,0.77206,0.29117
camel,['wp-calypso'],15,oob,0.61555,0.50437,0.77206,0.29117
corefx,['ansible'],15,oob,0.56988,0.3838,0.9024,0.35077
corefx,['brackets'],15,oob,0.58127,0.46683,0.80029,0.30298
corefx,['broadleaf'],15,oob,0.57549,0.42882,0.86678,0.35657
corefx,['camel'],15,oob,0.60124,0.46568,0.85255,0.36604
corefx,['corefx'],15,oob,0.29815,0.11808,0.96307,0.15595
corefx,['django'],15,oob,0.55808,0.44832,0.76804,0.24933
corefx,['elasticsearch'],15,oob,0.64051,0.57466,0.73898,0.32706
corefx,['fabric'],15,oob,0.49865,0.33333,0.89651,0.30227
corefx,['googleflutter'],15,oob,0.35602,0.14814,0.9673,0.20135
corefx,['homebrew'],15,oob,0.29796,0.11798,0.96309,0.1558
corefx,['jgroups'],15,oob,0.51988,0.35268,0.879,0.29744
corefx,['neutron'],15,oob,0.56532,0.42509,0.83832,0.30611
corefx,['node'],15,oob,0.55695,0.40762,0.82615,0.2733
corefx,['nova'],15,oob,0.51797,0.3588,0.88139,0.30479
corefx,['npm'],15,oob,0.5568,0.38657,0.88471,0.33372
corefx,['panda'],15,oob,0.49094,0.33401,0.84411,0.23037
corefx,['pytorch'],15,oob,0.38161,0.17113,0.96402,0.22144
corefx,['rails'],15,oob,0.55667,0.42405,0.81987,0.28449
corefx,['rust'],15,oob,0.60063,0.42666,0.87929,0.35449
corefx,['tensorflow'],15,oob,0.29425,0.11652,0.9583,0.14238
corefx,['tomcat'],15,oob,0.55609,0.42721,0.85311,0.34492
corefx,['vscode'],15,oob,0.29294,0.11444,0.96443,0.15367
corefx,['wp-calypso'],15,oob,0.42027,0.21865,0.94732,0.24852
django,['ansible'],15,oob,0.57376,0.42225,0.82908,0.28405
django,['brackets'],15,oob,0.57377,0.42226,0.82909,0.28407
django,['broadleaf'],15,oob,0.57376,0.42225,0.82908,0.28405
django,['camel'],15,oob,0.57335,0.41831,0.83729,0.29243
django,['corefx'],15,oob,0.57376,0.42225,0.82908,0.28405
django,['django'],15,oob,0.57376,0.42225,0.82908,0.28405
django,['elasticsearch'],15,oob,0.57376,0.42225,0.82908,0.28405
django,['fabric'],15,oob,0.57376,0.42225,0.82908,0.28405
django,['googleflutter'],15,oob,0.57376,0.42225,0.82908,0.28405
django,['homebrew'],15,oob,0.57376,0.42225,0.82908,0.28405
django,['jgroups'],15,oob,0.63493,0.51614,0.79446,0.32734
django,['neutron'],15,oob,0.57376,0.42225,0.82908,0.28405
django,['node'],15,oob,0.57376,0.42225,0.82908,0.28405
django,['nova'],15,oob,0.57376,0.42225,0.82908,0.28405
django,['npm'],15,oob,0.57376,0.42225,0.82908,0.28405
django,['panda'],15,oob,0.57376,0.42225,0.82908,0.28405
django,['pytorch'],15,oob,0.57376,0.42225,0.82908,0.28405
django,['rails'],15,oob,0.55776,0.45177,0.80493,0.29548
django,['rust'],15,oob,0.57376,0.42225,0.82908,0.28405
django,['tensorflow'],15,oob,0.57376,0.42225,0.82908,0.28405
django,['tomcat'],15,oob,0.59274,0.4415,0.83998,0.31743
django,['vscode'],15,oob,0.57377,0.42226,0.82909,0.28407
django,['wp-calypso'],15,oob,0.57377,0.42226,0.82909,0.28407
elasticsearch,['ansible'],15,oob,0.51919,0.32572,0.87849,0.24927
elasticsearch,['brackets'],15,oob,0.51705,0.32548,0.8728,0.24164
elasticsearch,['broadleaf'],15,oob,0.50464,0.30307,0.89692,0.25214
elasticsearch,['camel'],15,oob,0.58191,0.41694,0.85563,0.31028
elasticsearch,['corefx'],15,oob,0.51915,0.32191,0.88176,0.24988
elasticsearch,['django'],15,oob,0.42225,0.27402,0.79473,0.09303
elasticsearch,['elasticsearch'],15,oob,0.51915,0.32191,0.88176,0.24988
elasticsearch,['fabric'],15,oob,0.50775,0.3143,0.88429,0.24784
elasticsearch,['googleflutter'],15,oob,0.51915,0.32191,0.88176,0.24988
elasticsearch,['homebrew'],15,oob,0.51915,0.32191,0.88176,0.24988
elasticsearch,['jgroups'],15,oob,0.49923,0.32214,0.85096,0.21661
elasticsearch,['neutron'],15,oob,0.52629,0.33231,0.87994,0.25891
elasticsearch,['node'],15,oob,0.48877,0.31172,0.84995,0.20424
elasticsearch,['nova'],15,oob,0.4173,0.20775,0.9238,0.19065
elasticsearch,['npm'],15,oob,0.47173,0.26296,0.91485,0.24077
elasticsearch,['panda'],15,oob,0.37524,0.16482,0.94069,0.16726
elasticsearch,['pytorch'],15,oob,0.52295,0.3268,0.88094,0.25318
elasticsearch,['rails'],15,oob,0.49971,0.37123,0.75868,0.15367
elasticsearch,['rust'],15,oob,0.5176,0.30609,0.91642,0.28355
elasticsearch,['tensorflow'],15,oob,0.51915,0.32191,0.88176,0.24988
elasticsearch,['tomcat'],15,oob,0.45554,0.28623,0.86768,0.19288
elasticsearch,['vscode'],15,oob,0.51915,0.32191,0.88176,0.24988
elasticsearch,['wp-calypso'],15,oob,0.51915,0.32191,0.88176,0.24988
fabric,['ansible'],15,oob,0.56643,0.45471,0.75469,0.22507
fabric,['brackets'],15,oob,0.52289,0.3486,0.83795,0.21642
fabric,['broadleaf'],15,oob,0.57517,0.50437,0.73151,0.25495
fabric,['camel'],15,oob,0.6204,0.59065,0.68895,0.28981
fabric,['corefx'],15,oob,0.5672,0.41401,0.80172,0.23392
fabric,['django'],15,oob,0.56526,0.5008,0.69124,0.20575
fabric,['elasticsearch'],15,oob,0.59533,0.45179,0.80034,0.27336
fabric,['fabric'],15,oob,0.56772,0.41393,0.80334,0.23578
fabric,['googleflutter'],15,oob,0.56688,0.41304,0.80249,0.23389
fabric,['homebrew'],15,oob,0.56685,0.41292,0.80269,0.23399
fabric,['jgroups'],15,oob,0.59131,0.51499,0.73625,0.27101
fabric,['neutron'],15,oob,0.53637,0.37054,0.81547,0.2087
fabric,['node'],15,oob,0.57202,0.46311,0.75426,0.23717
fabric,['nova'],15,oob,0.465,0.38978,0.69505,0.10509
fabric,['npm'],15,oob,0.59541,0.47845,0.7819,0.28217
fabric,['panda'],15,oob,0.416,0.23671,0.88263,0.17229
fabric,['pytorch'],15,oob,0.58144,0.44364,0.78961,0.2489
fabric,['rails'],15,oob,0.59486,0.54968,0.70453,0.27092
fabric,['rust'],15,oob,0.62368,0.69174,0.59429,0.29341
fabric,['tensorflow'],15,oob,0.56701,0.41319,0.80278,0.23436
fabric,['tomcat'],15,oob,0.58029,0.50526,0.72846,0.25585
fabric,['vscode'],15,oob,0.56777,0.4145,0.80243,0.23529
fabric,['wp-calypso'],15,oob,0.56692,0.41313,0.80247,0.23393
googleflutter,['ansible'],15,oob,0.50028,0.26973,0.95298,0.34045
googleflutter,['brackets'],15,oob,0.34137,0.1383,0.87126,0.09115
googleflutter,['broadleaf'],15,oob,0.40623,0.20812,0.86883,0.15248
googleflutter,['camel'],15,oob,0.5856,0.38878,0.88678,0.34397
googleflutter,['corefx'],15,oob,0.24864,0.09017,0.98585,0.13435
googleflutter,['django'],15,oob,0.3361,0.16125,0.75852,-0.07693
googleflutter,['elasticsearch'],15,oob,0.40013,0.20268,0.84812,0.13017
googleflutter,['fabric'],15,oob,0.39571,0.18409,0.94688,0.1915
googleflutter,['googleflutter'],15,oob,0.07102,0.01659,0.98575,-0.03787
googleflutter,['homebrew'],15,oob,0.07102,0.01659,0.9857,-0.03798
googleflutter,['jgroups'],15,oob,0.21008,0.0648,0.93899,0.09146
googleflutter,['neutron'],15,oob,0.02174,0.00426,0.94718,-0.02363
googleflutter,['node'],15,oob,0.28303,0.09684,0.9622,0.17676
googleflutter,['nova'],15,oob,0.23063,0.07868,0.92529,0.13124
googleflutter,['npm'],15,oob,0.40001,0.17709,0.95234,0.25524
googleflutter,['panda'],15,oob,0.2846,0.10826,0.90896,0.07048
googleflutter,['pytorch'],15,oob,0.42354,0.19154,0.98333,0.27973
googleflutter,['rails'],15,oob,0.26617,0.07814,0.91884,0.1022
googleflutter,['rust'],15,oob,0.24477,0.07265,0.96386,0.11092
googleflutter,['tensorflow'],15,oob,0.15508,0.04767,0.94543,-0.08528
googleflutter,['tomcat'],15,oob,0.34636,0.13933,0.91895,0.20295
googleflutter,['vscode'],15,oob,0.17761,0.06174,0.99075,0.07546
googleflutter,['wp-calypso'],15,oob,0.1759,0.05374,0.98322,0.06483
homebrew,['ansible'],15,oob,0.45832,0.24753,0.86099,0.22181
homebrew,['brackets'],15,oob,0.50701,0.71166,0.56967,0.38056
homebrew,['broadleaf'],15,oob,0.49667,0.72989,0.55026,0.38425
homebrew,['camel'],15,oob,0.52889,0.61662,0.57625,0.26935
homebrew,['corefx'],15,oob,0.56145,0.68281,0.59583,0.36748
homebrew,['django'],15,oob,0.52617,0.61124,0.58994,0.2867
homebrew,['elasticsearch'],15,oob,0.48309,0.55257,0.57397,0.22959
homebrew,['fabric'],15,oob,0.47086,0.74972,0.54089,0.38674
homebrew,['googleflutter'],15,oob,0.47351,0.7597,0.53514,0.38969
homebrew,['homebrew'],15,oob,0.34824,0.20531,0.8654,0.10901
homebrew,['jgroups'],15,oob,0.48795,0.77543,0.54107,0.40874
homebrew,['neutron'],15,oob,0.60978,0.66854,0.6389,0.41308
homebrew,['node'],15,oob,0.54935,0.55099,0.63784,0.2948
homebrew,['nova'],15,oob,0.57331,0.60832,0.67314,0.3105
homebrew,['npm'],15,oob,0.46176,0.73495,0.54421,0.37967
homebrew,['panda'],15,oob,0.46862,0.75032,0.53743,0.38438
homebrew,['pytorch'],15,oob,0.43663,0.296,0.77519,0.16041
homebrew,['rails'],15,oob,0.49379,0.76721,0.54146,0.39527
homebrew,['rust'],15,oob,0.49133,0.45776,0.62242,0.18678
homebrew,['tensorflow'],15,oob,0.50868,0.58923,0.65628,0.26226
homebrew,['tomcat'],15,oob,0.56383,0.72948,0.57713,0.41366
homebrew,['vscode'],15,oob,0.54632,0.58231,0.63233,0.30157
homebrew,['wp-calypso'],15,oob,0.52634,0.74339,0.55735,0.41748
jgroups,['ansible'],15,oob,0.27903,0.10445,0.94598,0.09017
jgroups,['brackets'],15,oob,0.27539,0.10152,0.94803,0.08985
jgroups,['broadleaf'],15,oob,0.27352,0.09973,0.94818,0.08752
jgroups,['camel'],15,oob,0.27749,0.10329,0.94874,0.09354
jgroups,['corefx'],15,oob,0.28256,0.10652,0.9463,0.09407
jgroups,['django'],15,oob,0.23744,0.06998,0.96549,0.07608
jgroups,['elasticsearch'],15,oob,0.28013,0.10426,0.94827,0.09425
jgroups,['fabric'],15,oob,0.28049,0.10596,0.94613,0.09315
jgroups,['googleflutter'],15,oob,0.27468,0.10017,0.94853,0.08873
jgroups,['homebrew'],15,oob,0.27845,0.1033,0.94944,0.09458
jgroups,['jgroups'],15,oob,0.27686,0.1019,0.94868,0.09173
jgroups,['neutron'],15,oob,0.2757,0.10141,0.9479,0.08918
jgroups,['node'],15,oob,0.2832,0.10342,0.94755,0.09448
jgroups,['nova'],15,oob,0.2757,0.10161,0.94873,0.09055
jgroups,['npm'],15,oob,0.27827,0.10427,0.94693,0.0922
jgroups,['panda'],15,oob,0.27997,0.10491,0.94737,0.09338
jgroups,['pytorch'],15,oob,0.28323,0.10697,0.94716,0.09674
jgroups,['rails'],15,oob,0.25032,0.07761,0.95604,0.07261
jgroups,['rust'],15,oob,0.28094,0.10524,0.94724,0.09379
jgroups,['tensorflow'],15,oob,0.28033,0.10483,0.94792,0.09427
jgroups,['tomcat'],15,oob,0.28803,0.11197,0.94572,0.09865
jgroups,['vscode'],15,oob,0.27875,0.10306,0.94897,0.09402
jgroups,['wp-calypso'],15,oob,0.2754,0.10244,0.9472,0.08933
neutron,['ansible'],15,oob,0.65286,0.56968,0.76868,0.35082
neutron,['brackets'],15,oob,0.66081,0.57133,0.77569,0.35832
neutron,['broadleaf'],15,oob,0.65784,0.57115,0.78412,0.36773
neutron,['camel'],15,oob,0.64519,0.61736,0.70975,0.33825
neutron,['corefx'],15,oob,0.55074,0.39076,0.8156,0.23106
neutron,['django'],15,oob,0.55733,0.43664,0.81416,0.29159
neutron,['elasticsearch'],15,oob,0.59352,0.48316,0.77436,0.27728
neutron,['fabric'],15,oob,0.63991,0.56555,0.75695,0.33348
neutron,['googleflutter'],15,oob,0.53048,0.36277,0.8218,0.21076
neutron,['homebrew'],15,oob,0.52419,0.35381,0.82781,0.20926
neutron,['jgroups'],15,oob,0.60195,0.5635,0.71465,0.29633
neutron,['neutron'],15,oob,0.52422,0.35387,0.82776,0.20924
neutron,['node'],15,oob,0.55758,0.46917,0.7423,0.23171
neutron,['nova'],15,oob,0.57688,0.6853,0.53308,0.22814
neutron,['npm'],15,oob,0.63946,0.61843,0.70324,0.33673
neutron,['panda'],15,oob,0.57712,0.44867,0.80016,0.28086
neutron,['pytorch'],15,oob,0.60185,0.47714,0.77913,0.27277
neutron,['rails'],15,oob,0.55334,0.79601,0.40682,0.22541
neutron,['rust'],15,oob,0.59187,0.47228,0.78219,0.27412
neutron,['tensorflow'],15,oob,0.52413,0.35371,0.82787,0.20923
neutron,['tomcat'],15,oob,0.65151,0.63016,0.70614,0.34807
neutron,['vscode'],15,oob,0.52444,0.35407,0.82777,0.20949
neutron,['wp-calypso'],15,oob,0.54603,0.38131,0.81847,0.22554
node,['ansible'],15,oob,0.56402,0.40127,0.8068,0.23191
node,['brackets'],15,oob,0.56087,0.39602,0.81014,0.23111
node,['broadleaf'],15,oob,0.5891,0.44117,0.80797,0.26938
node,['camel'],15,oob,0.58502,0.46536,0.76236,0.24589
node,['corefx'],15,oob,0.56365,0.40068,0.80697,0.23153
node,['django'],15,oob,0.47133,0.41453,0.73547,0.18157
node,['elasticsearch'],15,oob,0.58521,0.44095,0.78908,0.24782
node,['fabric'],15,oob,0.56911,0.41732,0.79296,0.23099
node,['googleflutter'],15,oob,0.56388,0.40103,0.80689,0.23178
node,['homebrew'],15,oob,0.56358,0.4006,0.80692,0.23139
node,['jgroups'],15,oob,0.58107,0.58321,0.64206,0.24127
node,['neutron'],15,oob,0.55201,0.38285,0.81324,0.22188
node,['node'],15,oob,0.56385,0.401,0.80686,0.23172
node,['nova'],15,oob,0.57764,0.42589,0.80557,0.25452
node,['npm'],15,oob,0.616,0.5217,0.7397,0.27055
node,['panda'],15,oob,0.55093,0.38034,0.82048,0.22905
node,['pytorch'],15,oob,0.56357,0.40057,0.80696,0.23141
node,['rails'],15,oob,0.57354,0.67933,0.5243,0.2126
node,['rust'],15,oob,0.57836,0.56953,0.64987,0.23592
node,['tensorflow'],15,oob,0.5637,0.40078,0.80695,0.23161
node,['tomcat'],15,oob,0.54853,0.45106,0.74565,0.2196
node,['vscode'],15,oob,0.5636,0.40059,0.80698,0.23147
node,['wp-calypso'],15,oob,0.56383,0.40094,0.80691,0.23173
nova,['ansible'],15,oob,0.6197,0.56007,0.72924,0.30371
nova,['brackets'],15,oob,0.61973,0.56023,0.72919,0.30392
nova,['broadleaf'],15,oob,0.58237,0.50022,0.7581,0.27202
nova,['camel'],15,oob,0.60804,0.60923,0.67366,0.29996
nova,['corefx'],15,oob,0.61951,0.55974,0.72971,0.30401
nova,['django'],15,oob,0.60684,0.58412,0.68454,0.28457
nova,['elasticsearch'],15,oob,0.60092,0.64026,0.62586,0.27881
nova,['fabric'],15,oob,0.62312,0.56891,0.72421,0.30599
nova,['googleflutter'],15,oob,0.62038,0.56141,0.72896,0.3047
nova,['homebrew'],15,oob,0.61946,0.55969,0.72944,0.30365
nova,['jgroups'],15,oob,0.61269,0.6338,0.64748,0.29697
nova,['neutron'],15,oob,0.62182,0.56519,0.72581,0.30443
nova,['node'],15,oob,0.6054,0.55379,0.72741,0.30383
nova,['nova'],15,oob,0.62032,0.56125,0.72886,0.30443
nova,['npm'],15,oob,0.6159,0.59939,0.68187,0.29586
nova,['panda'],15,oob,0.62379,0.55802,0.74134,0.31436
nova,['pytorch'],15,oob,0.62135,0.56344,0.72772,0.30503
nova,['rails'],15,oob,0.60392,0.69077,0.58403,0.29155
nova,['rust'],15,oob,0.62817,0.60157,0.69131,0.3013
nova,['tensorflow'],15,oob,0.61919,0.55864,0.73034,0.30365
nova,['tomcat'],15,oob,0.62891,0.61336,0.68877,0.31381
nova,['vscode'],15,oob,0.6201,0.56061,0.72935,0.3043
nova,['wp-calypso'],15,oob,0.6205,0.56122,0.72921,0.30474
npm,['ansible'],15,oob,0.50161,0.33857,0.79482,0.15622
npm,['brackets'],15,oob,0.49789,0.32063,0.82029,0.17154
npm,['broadleaf'],15,oob,0.46899,0.29476,0.81398,0.13669
npm,['camel'],15,oob,0.5387,0.46276,0.68946,0.16826
npm,['corefx'],15,oob,0.50298,0.32608,0.82014,0.17531
npm,['django'],15,oob,0.56731,0.45823,0.73084,0.20336
npm,['elasticsearch'],15,oob,0.4894,0.30396,0.82363,0.1543
npm,['fabric'],15,oob,0.5025,0.33156,0.80284,0.15773
npm,['googleflutter'],15,oob,0.50276,0.32572,0.82031,0.17515
npm,['homebrew'],15,oob,0.50271,0.32567,0.82032,0.17511
npm,['jgroups'],15,oob,0.57445,0.58104,0.61391,0.20259
npm,['neutron'],15,oob,0.49066,0.31035,0.82724,0.16831
npm,['node'],15,oob,0.49634,0.31475,0.8306,0.17526
npm,['nova'],15,oob,0.44502,0.24681,0.86643,0.16001
npm,['npm'],15,oob,0.50298,0.32608,0.82014,0.17531
npm,['panda'],15,oob,0.45744,0.27345,0.85225,0.16405
npm,['pytorch'],15,oob,0.50345,0.32446,0.8211,0.17456
npm,['rails'],15,oob,0.57701,0.55312,0.63897,0.20119
npm,['rust'],15,oob,0.54584,0.45213,0.70071,0.16228
npm,['tensorflow'],15,oob,0.50298,0.32608,0.82014,0.17531
npm,['tomcat'],15,oob,0.54849,0.49146,0.68728,0.19992
npm,['vscode'],15,oob,0.50276,0.32577,0.82018,0.17501
npm,['wp-calypso'],15,oob,0.50389,0.32723,0.82067,0.17702
panda,['ansible'],15,oob,0.57996,0.43982,0.81709,0.28328
panda,['brackets'],15,oob,0.56764,0.43301,0.79433,0.24855
panda,['broadleaf'],15,oob,0.51486,0.35443,0.86494,0.24798
panda,['camel'],15,oob,0.53221,0.39989,0.78072,0.201
panda,['corefx'],15,oob,0.53222,0.37249,0.80578,0.19912
panda,['django'],15,oob,0.54588,0.5463,0.59643,0.14803
panda,['elasticsearch'],15,oob,0.58405,0.45819,0.80782,0.28489
panda,['fabric'],15,oob,0.59098,0.49532,0.78983,0.29566
panda,['googleflutter'],15,oob,0.53225,0.37258,0.80564,0.19903
panda,['homebrew'],15,oob,0.53224,0.3725,0.80581,0.19917
panda,['jgroups'],15,oob,0.58174,0.5814,0.61853,0.20766
panda,['neutron'],15,oob,0.50153,0.33258,0.82638,0.17905
panda,['node'],15,oob,0.62294,0.51545,0.79836,0.33139
panda,['nova'],15,oob,0.54755,0.44546,0.73464,0.19144
panda,['npm'],15,oob,0.60521,0.4922,0.78375,0.29067
panda,['panda'],15,oob,0.53228,0.3726,0.8057,0.19912
panda,['pytorch'],15,oob,0.544,0.38822,0.80829,0.21753
panda,['rails'],15,oob,0.58429,0.56105,0.6701,0.24671
panda,['rust'],15,oob,0.64007,0.62861,0.69319,0.33327
panda,['tensorflow'],15,oob,0.5322,0.37247,0.80576,0.19908
panda,['tomcat'],15,oob,0.5311,0.56073,0.64001,0.21315
panda,['vscode'],15,oob,0.53221,0.37246,0.8058,0.19912
panda,['wp-calypso'],15,oob,0.53222,0.37249,0.80578,0.19912
pytorch,['ansible'],15,oob,0.48594,0.28122,0.8874,0.20686
pytorch,['brackets'],15,oob,0.5669,0.43643,0.78583,0.24063
pytorch,['broadleaf'],15,oob,0.50013,0.30823,0.91806,0.27287
pytorch,['camel'],15,oob,0.59686,0.46309,0.80728,0.29387
pytorch,['corefx'],15,oob,0.52272,0.34649,0.86688,0.23932
pytorch,['django'],15,oob,0.52479,0.55673,0.53424,0.0943
pytorch,['elasticsearch'],15,oob,0.58707,0.48453,0.75107,0.24915
pytorch,['fabric'],15,oob,0.50683,0.2912,0.90989,0.25445
pytorch,['googleflutter'],15,oob,0.37851,0.16789,0.92971,0.14501
pytorch,['homebrew'],15,oob,0.52643,0.34019,0.87464,0.24562
pytorch,['jgroups'],15,oob,0.51671,0.33251,0.83824,0.20331
pytorch,['neutron'],15,oob,0.54229,0.35689,0.85932,0.25617
pytorch,['node'],15,oob,0.5546,0.40309,0.79222,0.21945
pytorch,['nova'],15,oob,0.49223,0.29858,0.85172,0.18893
pytorch,['npm'],15,oob,0.48269,0.27322,0.88482,0.20896
pytorch,['panda'],15,oob,0.53327,0.38075,0.77164,0.17372
pytorch,['pytorch'],15,oob,0.52463,0.33784,0.87552,0.24427
pytorch,['rails'],15,oob,0.55778,0.40899,0.78855,0.2175
pytorch,['rust'],15,oob,0.56328,0.40517,0.82203,0.24972
pytorch,['tensorflow'],15,oob,0.57247,0.44433,0.80547,0.26322
pytorch,['tomcat'],15,oob,0.4736,0.28026,0.85911,0.19208
pytorch,['vscode'],15,oob,0.4348,0.23329,0.89565,0.1677
pytorch,['wp-calypso'],15,oob,0.4976,0.29232,0.89331,0.22489
rails,['ansible'],15,oob,0.47362,0.37726,0.74734,0.16126
rails,['brackets'],15,oob,0.47362,0.37726,0.74734,0.16126
rails,['broadleaf'],15,oob,0.47362,0.37726,0.74734,0.16126
rails,['camel'],15,oob,0.47364,0.37727,0.74733,0.16126
rails,['corefx'],15,oob,0.47362,0.37726,0.74734,0.16126
rails,['django'],15,oob,0.48044,0.37771,0.74917,0.16009
rails,['elasticsearch'],15,oob,0.47362,0.37726,0.74734,0.16126
rails,['fabric'],15,oob,0.47362,0.37726,0.74734,0.16126
rails,['googleflutter'],15,oob,0.47362,0.37726,0.74734,0.16126
rails,['homebrew'],15,oob,0.47362,0.37726,0.74734,0.16126
rails,['jgroups'],15,oob,0.56322,0.42019,0.77695,0.21598
rails,['neutron'],15,oob,0.47362,0.37726,0.74734,0.16126
rails,['node'],15,oob,0.47362,0.37726,0.74734,0.16126
rails,['nova'],15,oob,0.47362,0.37726,0.74734,0.16126
rails,['npm'],15,oob,0.47362,0.37726,0.74734,0.16126
rails,['panda'],15,oob,0.47362,0.37726,0.74734,0.16126
rails,['pytorch'],15,oob,0.47362,0.37726,0.74734,0.16126
rails,['rails'],15,oob,0.47362,0.37726,0.74734,0.16126
rails,['rust'],15,oob,0.47362,0.37726,0.74734,0.16126
rails,['tensorflow'],15,oob,0.47362,0.37726,0.74734,0.16126
rails,['tomcat'],15,oob,0.48393,0.38794,0.7435,0.16697
rails,['vscode'],15,oob,0.47362,0.37726,0.74734,0.16126
rails,['wp-calypso'],15,oob,0.47362,0.37726,0.74734,0.16126
rust,['ansible'],15,oob,0.60631,0.48437,0.83448,0.35735
rust,['brackets'],15,oob,0.60631,0.48437,0.83448,0.35735
rust,['broadleaf'],15,oob,0.29384,0.11418,0.92903,0.07351
rust,['camel'],15,oob,0.59964,0.50178,0.82178,0.36972
rust,['corefx'],15,oob,0.60573,0.48362,0.83418,0.35622
rust,['django'],15,oob,0.59458,0.5087,0.79946,0.34967
rust,['elasticsearch'],15,oob,0.58879,0.46405,0.84737,0.36491
rust,['fabric'],15,oob,0.58125,0.4482,0.85387,0.35377
rust,['googleflutter'],15,oob,0.60637,0.48443,0.83448,0.35741
rust,['homebrew'],15,oob,0.60573,0.48362,0.83418,0.35622
rust,['jgroups'],15,oob,0.58225,0.47412,0.82609,0.35104
rust,['neutron'],15,oob,0.59741,0.48163,0.81667,0.33271
rust,['node'],15,oob,0.5456,0.44355,0.79791,0.2945
rust,['nova'],15,oob,0.61254,0.49207,0.83719,0.37552
rust,['npm'],15,oob,0.55341,0.35556,0.89891,0.31384
rust,['panda'],15,oob,0.57061,0.43114,0.84651,0.3374
rust,['pytorch'],15,oob,0.60573,0.48361,0.83418,0.35622
rust,['rails'],15,oob,0.61606,0.61384,0.70238,0.33891
rust,['rust'],15,oob,0.60573,0.48362,0.83418,0.35622
rust,['tensorflow'],15,oob,0.60573,0.48362,0.83418,0.35622
rust,['tomcat'],15,oob,0.60158,0.49964,0.83884,0.39222
rust,['vscode'],15,oob,0.60574,0.48363,0.83418,0.35623
rust,['wp-calypso'],15,oob,0.60558,0.48341,0.83422,0.3561
tensorflow,['ansible'],15,oob,0.691,0.71045,0.68197,0.39805
tensorflow,['brackets'],15,oob,0.63032,0.60682,0.69061,0.30543
tensorflow,['broadleaf'],15,oob,0.64688,0.66367,0.65827,0.32959
tensorflow,['camel'],15,oob,0.68172,0.6701,0.70295,0.37593
tensorflow,['corefx'],15,oob,0.6846,0.67821,0.69986,0.38134
tensorflow,['django'],15,oob,0.58817,0.78203,0.46927,0.27014
tensorflow,['elasticsearch'],15,oob,0.66002,0.71445,0.63512,0.35988
tensorflow,['fabric'],15,oob,0.64755,0.73229,0.60164,0.34437
tensorflow,['googleflutter'],15,oob,0.64149,0.55502,0.76461,0.32975
tensorflow,['homebrew'],15,oob,0.62946,0.53891,0.7556,0.30586
tensorflow,['jgroups'],15,oob,0.63455,0.62182,0.67938,0.30807
tensorflow,['neutron'],15,oob,0.6295,0.70079,0.61926,0.33339
tensorflow,['node'],15,oob,0.61638,0.74426,0.55016,0.30905
tensorflow,['nova'],15,oob,0.62874,0.67136,0.64961,0.33505
tensorflow,['npm'],15,oob,0.62559,0.73598,0.56236,0.30972
tensorflow,['panda'],15,oob,0.60565,0.71998,0.55248,0.28613
tensorflow,['pytorch'],15,oob,0.62217,0.5157,0.78195,0.31171
tensorflow,['rails'],15,oob,0.59862,0.75124,0.52508,0.28997
tensorflow,['rust'],15,oob,0.63439,0.67153,0.63024,0.3075
tensorflow,['tensorflow'],15,oob,0.62951,0.53908,0.75547,0.30587
tensorflow,['tomcat'],15,oob,0.59522,0.74562,0.52177,0.28769
tensorflow,['vscode'],15,oob,0.65167,0.60737,0.72356,0.33662
tensorflow,['wp-calypso'],15,oob,0.68875,0.65138,0.73613,0.39149
tomcat,['ansible'],15,oob,0.53834,0.41791,0.76745,0.20231
tomcat,['brackets'],15,oob,0.53834,0.41791,0.76745,0.20231
tomcat,['broadleaf'],15,oob,0.535,0.40797,0.78362,0.21199
tomcat,['camel'],15,oob,0.54537,0.38557,0.83342,0.24798
tomcat,['corefx'],15,oob,0.53834,0.41791,0.76745,0.20231
tomcat,['django'],15,oob,0.55539,0.43348,0.75115,0.20371
tomcat,['elasticsearch'],15,oob,0.54426,0.43309,0.75714,0.20597
tomcat,['fabric'],15,oob,0.53834,0.41791,0.76745,0.20231
tomcat,['googleflutter'],15,oob,0.53834,0.41791,0.76745,0.20231
tomcat,['homebrew'],15,oob,0.53834,0.41791,0.76745,0.20231
tomcat,['jgroups'],15,oob,0.60334,0.6576,0.58176,0.24691
tomcat,['neutron'],15,oob,0.53834,0.41791,0.76745,0.20231
tomcat,['node'],15,oob,0.53031,0.4024,0.78671,0.21276
tomcat,['nova'],15,oob,0.53688,0.41061,0.77589,0.20439
tomcat,['npm'],15,oob,0.54581,0.43575,0.75649,0.20783
tomcat,['panda'],15,oob,0.53352,0.40788,0.7754,0.20183
tomcat,['pytorch'],15,oob,0.53834,0.41791,0.76745,0.20231
tomcat,['rails'],15,oob,0.52843,0.40752,0.75353,0.18206
tomcat,['rust'],15,oob,0.53778,0.41634,0.76826,0.20155
tomcat,['tensorflow'],15,oob,0.53834,0.41791,0.76745,0.20231
tomcat,['tomcat'],15,oob,0.53834,0.41791,0.76745,0.20231
tomcat,['vscode'],15,oob,0.53834,0.41791,0.76745,0.20231
tomcat,['wp-calypso'],15,oob,0.53834,0.41791,0.76745,0.20231
vscode,['ansible'],15,oob,0.58156,0.53113,0.78396,0.37129
vscode,['brackets'],15,oob,0.5581,0.64799,0.68553,0.38471
vscode,['broadleaf'],15,oob,0.528,0.5333,0.71717,0.29797
vscode,['camel'],15,oob,0.58613,0.52405,0.77896,0.34769
vscode,['corefx'],15,oob,0.49248,0.28231,0.9107,0.26429
vscode,['django'],15,oob,0.54947,0.62736,0.64778,0.31453
vscode,['elasticsearch'],15,oob,0.60174,0.53842,0.74545,0.31968
vscode,['fabric'],15,oob,0.57439,0.59911,0.73383,0.38695
vscode,['googleflutter'],15,oob,0.41344,0.18269,0.95323,0.22314
vscode,['homebrew'],15,oob,0.48315,0.29045,0.88019,0.2438
vscode,['jgroups'],15,oob,0.60817,0.65999,0.74152,0.45278
vscode,['neutron'],15,oob,0.50191,0.54233,0.72757,0.34198
vscode,['node'],15,oob,0.50611,0.49761,0.72019,0.27369
vscode,['nova'],15,oob,0.48262,0.494,0.73455,0.30299
vscode,['npm'],15,oob,0.5694,0.48742,0.80304,0.35249
vscode,['panda'],15,oob,0.60933,0.66549,0.73481,0.44746
vscode,['pytorch'],15,oob,0.29822,0.1028,0.94428,0.0947
vscode,['rails'],15,oob,0.48977,0.5692,0.64634,0.26886
vscode,['rust'],15,oob,0.57963,0.56132,0.78585,0.41153
vscode,['tensorflow'],15,oob,0.53227,0.54463,0.69741,0.28634
vscode,['tomcat'],15,oob,0.52787,0.60642,0.6416,0.27901
vscode,['vscode'],15,oob,0.48335,0.29066,0.88013,0.24388
vscode,['wp-calypso'],15,oob,0.54889,0.34886,0.90058,0.31753
wp-calypso,['ansible'],15,oob,0.51647,0.37248,0.78452,0.16559
wp-calypso,['brackets'],15,oob,0.49212,0.46342,0.56133,0.0507
wp-calypso,['broadleaf'],15,oob,0.52396,0.37365,0.75603,0.17192
wp-calypso,['camel'],15,oob,0.56828,0.49851,0.67041,0.18194
wp-calypso,['corefx'],15,oob,0.49463,0.31623,0.84234,0.17757
wp-calypso,['django'],15,oob,0.50214,0.44099,0.59971,0.06743
wp-calypso,['elasticsearch'],15,oob,0.53317,0.43732,0.72549,0.16189
wp-calypso,['fabric'],15,oob,0.53442,0.43037,0.73342,0.1704
wp-calypso,['googleflutter'],15,oob,0.45749,0.26586,0.8483,0.13136
wp-calypso,['homebrew'],15,oob,0.50478,0.38364,0.76556,0.1566
wp-calypso,['jgroups'],15,oob,0.48646,0.30402,0.81387,0.16124
wp-calypso,['neutron'],15,oob,0.55924,0.47485,0.67373,0.19247
wp-calypso,['node'],15,oob,0.55659,0.42512,0.75286,0.20772
wp-calypso,['nova'],15,oob,0.53306,0.49766,0.59592,0.12218
wp-calypso,['npm'],15,oob,0.49875,0.36111,0.7655,0.13463
wp-calypso,['panda'],15,oob,0.50671,0.42652,0.65725,0.12977
wp-calypso,['pytorch'],15,oob,0.4835,0.31644,0.82882,0.15337
wp-calypso,['rails'],15,oob,0.53152,0.44458,0.67858,0.14387
wp-calypso,['rust'],15,oob,0.52364,0.51814,0.58067,0.09501
wp-calypso,['tensorflow'],15,oob,0.50302,0.33112,0.83616,0.18409
wp-calypso,['tomcat'],15,oob,0.53469,0.40848,0.72805,0.16272
wp-calypso,['vscode'],15,oob,0.52262,0.43382,0.71347,0.14518
wp-calypso,['wp-calypso'],15,oob,0.50473,0.38355,0.76565,0.15662
ansible,['ansible'],15,pbsa,0.63859,0.61689,0.71939,0.35207
ansible,['brackets'],15,pbsa,0.6698,0.59449,0.78056,0.39391
ansible,['broadleaf'],15,pbsa,0.58868,0.51774,0.75849,0.30855
ansible,['camel'],15,pbsa,0.59572,0.55275,0.7467,0.33041
ansible,['corefx'],15,pbsa,0.6387,0.61729,0.71895,0.35194
ansible,['django'],15,pbsa,0.59962,0.62051,0.69034,0.3403
ansible,['elasticsearch'],15,pbsa,0.57857,0.47641,0.78888,0.30467
ansible,['fabric'],15,pbsa,0.61141,0.49135,0.80597,0.33004
ansible,['googleflutter'],15,pbsa,0.63857,0.61681,0.71943,0.35205
ansible,['homebrew'],15,pbsa,0.63858,0.61685,0.71944,0.35209
ansible,['jgroups'],15,pbsa,0.60322,0.63997,0.67462,0.34294
ansible,['neutron'],15,pbsa,0.6387,0.60438,0.75046,0.37789
ansible,['node'],15,pbsa,0.64118,0.64946,0.6947,0.36157
ansible,['nova'],15,pbsa,0.5761,0.61114,0.62506,0.25398
ansible,['npm'],15,pbsa,0.61933,0.58179,0.73466,0.34399
ansible,['panda'],15,pbsa,0.55484,0.50109,0.76873,0.3189
ansible,['pytorch'],15,pbsa,0.65023,0.58335,0.75455,0.35392
ansible,['rails'],15,pbsa,0.60156,0.65172,0.6495,0.32118
ansible,['rust'],15,pbsa,0.6208,0.59561,0.71199,0.32729
ansible,['tensorflow'],15,pbsa,0.63862,0.61691,0.71943,0.35215
ansible,['tomcat'],15,pbsa,0.59872,0.62808,0.68585,0.34629
ansible,['vscode'],15,pbsa,0.63818,0.61623,0.71928,0.35132
ansible,['wp-calypso'],15,pbsa,0.63873,0.61743,0.7187,0.35174
brackets,['ansible'],15,pbsa,0.59349,0.63846,0.60003,0.25133
brackets,['brackets'],15,pbsa,0.60246,0.64177,0.61376,0.26822
brackets,['broadleaf'],15,pbsa,0.57044,0.60068,0.60552,0.22155
brackets,['camel'],15,pbsa,0.50926,0.60417,0.54956,0.18082
brackets,['corefx'],15,pbsa,0.60246,0.64177,0.61376,0.26822
brackets,['django'],15,pbsa,0.55241,0.62342,0.5835,0.23048
brackets,['elasticsearch'],15,pbsa,0.58072,0.53956,0.69357,0.25104
brackets,['fabric'],15,pbsa,0.52889,0.45437,0.71906,0.19438
brackets,['googleflutter'],15,pbsa,0.60159,0.64627,0.60737,0.26618
brackets,['homebrew'],15,pbsa,0.60258,0.64222,0.61351,0.26838
brackets,['jgroups'],15,pbsa,0.53631,0.62428,0.5778,0.22905
brackets,['neutron'],15,pbsa,0.59089,0.63468,0.63007,0.2898
brackets,['node'],15,pbsa,0.58137,0.65269,0.57295,0.23663
brackets,['nova'],15,pbsa,0.53144,0.66981,0.48092,0.16308
brackets,['npm'],15,pbsa,0.62044,0.60748,0.67183,0.28984
brackets,['panda'],15,pbsa,0.55107,0.58757,0.63504,0.2491
brackets,['pytorch'],15,pbsa,0.58236,0.61691,0.6181,0.25382
brackets,['rails'],15,pbsa,0.52486,0.74453,0.43038,0.19276
brackets,['rust'],15,pbsa,0.46075,0.84696,0.28614,0.16508
brackets,['tensorflow'],15,pbsa,0.60159,0.64627,0.60737,0.26618
brackets,['tomcat'],15,pbsa,0.55825,0.66448,0.54967,0.23491
brackets,['vscode'],15,pbsa,0.60246,0.64177,0.61376,0.26822
brackets,['wp-calypso'],15,pbsa,0.60181,0.64525,0.60877,0.26657
broadleaf,['ansible'],15,pbsa,0.59938,0.54713,0.71041,0.25989
broadleaf,['brackets'],15,pbsa,0.58956,0.49171,0.75543,0.25181
broadleaf,['broadleaf'],15,pbsa,0.5855,0.46652,0.78007,0.25529
broadleaf,['camel'],15,pbsa,0.64484,0.58778,0.71647,0.31448
broadleaf,['corefx'],15,pbsa,0.58539,0.46578,0.78096,0.25562
broadleaf,['django'],15,pbsa,0.61711,0.56369,0.69937,0.27606
broadleaf,['elasticsearch'],15,pbsa,0.57801,0.46288,0.77291,0.24588
broadleaf,['fabric'],15,pbsa,0.60027,0.48263,0.79055,0.28215
broadleaf,['googleflutter'],15,pbsa,0.58566,0.46621,0.7809,0.25597
broadleaf,['homebrew'],15,pbsa,0.58546,0.46618,0.78056,0.25555
broadleaf,['jgroups'],15,pbsa,0.64814,0.61286,0.69503,0.31721
broadleaf,['neutron'],15,pbsa,0.59285,0.47789,0.77922,0.26486
broadleaf,['node'],15,pbsa,0.59267,0.48232,0.77454,0.2644
broadleaf,['nova'],15,pbsa,0.54131,0.43549,0.75124,0.2015
broadleaf,['npm'],15,pbsa,0.58241,0.51157,0.71457,0.22856
broadleaf,['panda'],15,pbsa,0.54419,0.39264,0.81581,0.22789
broadleaf,['pytorch'],15,pbsa,0.59678,0.49463,0.76476,0.2649
broadleaf,['rails'],15,pbsa,0.58638,0.59458,0.60865,0.21437
broadleaf,['rust'],15,pbsa,0.56898,0.61475,0.59958,0.21905
broadleaf,['tensorflow'],15,pbsa,0.58569,0.46662,0.78041,0.25579
broadleaf,['tomcat'],15,pbsa,0.63204,0.58689,0.69761,0.29726
broadleaf,['vscode'],15,pbsa,0.58529,0.46622,0.78001,0.25496
broadleaf,['wp-calypso'],15,pbsa,0.58546,0.46607,0.7807,0.25561
camel,['ansible'],15,pbsa,0.61864,0.51808,0.75909,0.28972
camel,['brackets'],15,pbsa,0.61864,0.51808,0.75909,0.28972
camel,['broadleaf'],15,pbsa,0.61919,0.53907,0.73415,0.28378
camel,['camel'],15,pbsa,0.61864,0.51808,0.75909,0.28972
camel,['corefx'],15,pbsa,0.61864,0.51808,0.75909,0.28972
camel,['django'],15,pbsa,0.6296,0.7068,0.59621,0.30967
camel,['elasticsearch'],15,pbsa,0.61864,0.51808,0.75909,0.28972
camel,['fabric'],15,pbsa,0.61864,0.51808,0.75909,0.28972
camel,['googleflutter'],15,pbsa,0.61864,0.51808,0.75909,0.28972
camel,['homebrew'],15,pbsa,0.61864,0.51808,0.75909,0.28972
camel,['jgroups'],15,pbsa,0.61394,0.73062,0.54122,0.27846
camel,['neutron'],15,pbsa,0.61864,0.51808,0.75909,0.28972
camel,['node'],15,pbsa,0.61723,0.51306,0.7629,0.28913
camel,['nova'],15,pbsa,0.61864,0.51808,0.75909,0.28972
camel,['npm'],15,pbsa,0.61864,0.51808,0.75909,0.28972
camel,['panda'],15,pbsa,0.61857,0.5179,0.75923,0.28972
camel,['pytorch'],15,pbsa,0.61864,0.51808,0.75909,0.28972
camel,['rails'],15,pbsa,0.60449,0.75952,0.50684,0.27831
camel,['rust'],15,pbsa,0.61864,0.51808,0.75909,0.28972
camel,['tensorflow'],15,pbsa,0.61864,0.51808,0.75909,0.28972
camel,['tomcat'],15,pbsa,0.67178,0.69404,0.66307,0.3627
camel,['vscode'],15,pbsa,0.61864,0.51808,0.75909,0.28972
camel,['wp-calypso'],15,pbsa,0.61864,0.51808,0.75909,0.28972
corefx,['ansible'],15,pbsa,0.62378,0.48688,0.81363,0.32138
corefx,['brackets'],15,pbsa,0.61437,0.50659,0.78514,0.31526
corefx,['broadleaf'],15,pbsa,0.65032,0.53996,0.82918,0.40367
corefx,['camel'],15,pbsa,0.65552,0.6202,0.70699,0.33184
corefx,['corefx'],15,pbsa,0.5876,0.39997,0.89128,0.33455
corefx,['django'],15,pbsa,0.56313,0.47023,0.74798,0.24666
corefx,['elasticsearch'],15,pbsa,0.64332,0.57008,0.73039,0.30698
corefx,['fabric'],15,pbsa,0.57056,0.41796,0.85426,0.32076
corefx,['googleflutter'],15,pbsa,0.57884,0.38794,0.90214,0.33465
corefx,['homebrew'],15,pbsa,0.58829,0.40126,0.89059,0.33475
corefx,['jgroups'],15,pbsa,0.59488,0.44954,0.8478,0.33913
corefx,['neutron'],15,pbsa,0.57602,0.46077,0.77977,0.26881
corefx,['node'],15,pbsa,0.59129,0.48179,0.78062,0.28978
corefx,['nova'],15,pbsa,0.5774,0.41856,0.84829,0.31253
corefx,['npm'],15,pbsa,0.63224,0.51547,0.82143,0.36637
corefx,['panda'],15,pbsa,0.56907,0.43598,0.82808,0.30965
corefx,['pytorch'],15,pbsa,0.61042,0.44813,0.85499,0.34064
corefx,['rails'],15,pbsa,0.57813,0.45616,0.79357,0.28156
corefx,['rust'],15,pbsa,0.64633,0.58827,0.73519,0.33891
corefx,['tensorflow'],15,pbsa,0.58728,0.40066,0.88892,0.33195
corefx,['tomcat'],15,pbsa,0.59212,0.45833,0.84884,0.35752
corefx,['vscode'],15,pbsa,0.58682,0.40016,0.8886,0.33098
corefx,['wp-calypso'],15,pbsa,0.66834,0.52494,0.85926,0.41201
django,['ansible'],15,pbsa,0.60139,0.47687,0.80241,0.30119
django,['brackets'],15,pbsa,0.60138,0.47686,0.80238,0.30114
django,['broadleaf'],15,pbsa,0.60139,0.47687,0.80241,0.30119
django,['camel'],15,pbsa,0.60544,0.47826,0.80946,0.31177
django,['corefx'],15,pbsa,0.60139,0.47687,0.80241,0.30119
django,['django'],15,pbsa,0.60139,0.47687,0.80241,0.30119
django,['elasticsearch'],15,pbsa,0.60139,0.47687,0.80241,0.30119
django,['fabric'],15,pbsa,0.60139,0.47687,0.80241,0.30119
django,['googleflutter'],15,pbsa,0.60139,0.47687,0.80241,0.30119
django,['homebrew'],15,pbsa,0.60139,0.47687,0.80241,0.30119
django,['jgroups'],15,pbsa,0.63981,0.55473,0.76541,0.33704
django,['neutron'],15,pbsa,0.60139,0.47687,0.80241,0.30119
django,['node'],15,pbsa,0.60139,0.47687,0.80241,0.30119
django,['nova'],15,pbsa,0.60139,0.47687,0.80241,0.30119
django,['npm'],15,pbsa,0.60139,0.47687,0.80241,0.30119
django,['panda'],15,pbsa,0.60139,0.47687,0.80241,0.30119
django,['pytorch'],15,pbsa,0.60139,0.47687,0.80241,0.30119
django,['rails'],15,pbsa,0.59416,0.51809,0.76499,0.30773
django,['rust'],15,pbsa,0.60139,0.47687,0.80241,0.30119
django,['tensorflow'],15,pbsa,0.60139,0.47687,0.80241,0.30119
django,['tomcat'],15,pbsa,0.61221,0.48654,0.81245,0.32313
django,['vscode'],15,pbsa,0.60138,0.47686,0.80238,0.30114
django,['wp-calypso'],15,pbsa,0.60138,0.47686,0.80238,0.30114
elasticsearch,['ansible'],15,pbsa,0.52722,0.34797,0.86675,0.25669
elasticsearch,['brackets'],15,pbsa,0.52473,0.33809,0.87214,0.25401
elasticsearch,['broadleaf'],15,pbsa,0.52802,0.34527,0.88294,0.28385
elasticsearch,['camel'],15,pbsa,0.56793,0.44491,0.81432,0.2879
elasticsearch,['corefx'],15,pbsa,0.52217,0.32731,0.88205,0.25469
elasticsearch,['django'],15,pbsa,0.46529,0.34644,0.76243,0.13241
elasticsearch,['elasticsearch'],15,pbsa,0.52217,0.32731,0.88205,0.25469
elasticsearch,['fabric'],15,pbsa,0.50828,0.31474,0.88522,0.24694
elasticsearch,['googleflutter'],15,pbsa,0.52217,0.32731,0.88205,0.25469
elasticsearch,['homebrew'],15,pbsa,0.52217,0.32731,0.88205,0.25469
elasticsearch,['jgroups'],15,pbsa,0.55402,0.4451,0.76723,0.23659
elasticsearch,['neutron'],15,pbsa,0.52155,0.3376,0.86787,0.2483
elasticsearch,['node'],15,pbsa,0.51419,0.34491,0.84457,0.23417
elasticsearch,['nova'],15,pbsa,0.46464,0.26067,0.90775,0.22118
elasticsearch,['npm'],15,pbsa,0.53592,0.3313,0.90091,0.28509
elasticsearch,['panda'],15,pbsa,0.38021,0.1741,0.93668,0.17067
elasticsearch,['pytorch'],15,pbsa,0.5244,0.33038,0.8814,0.25657
elasticsearch,['rails'],15,pbsa,0.5062,0.42588,0.69522,0.13716
elasticsearch,['rust'],15,pbsa,0.56443,0.38452,0.87672,0.30181
elasticsearch,['tensorflow'],15,pbsa,0.52217,0.32731,0.88205,0.25469
elasticsearch,['tomcat'],15,pbsa,0.46719,0.31971,0.82727,0.19228
elasticsearch,['vscode'],15,pbsa,0.52217,0.32731,0.88205,0.25469
elasticsearch,['wp-calypso'],15,pbsa,0.52217,0.32731,0.88205,0.25469
fabric,['ansible'],15,pbsa,0.58123,0.49316,0.73814,0.24539
fabric,['brackets'],15,pbsa,0.52181,0.3545,0.8277,0.20993
fabric,['broadleaf'],15,pbsa,0.58467,0.47712,0.76467,0.26145
fabric,['camel'],15,pbsa,0.61354,0.58663,0.68311,0.28123
fabric,['corefx'],15,pbsa,0.55878,0.40085,0.80402,0.22393
fabric,['django'],15,pbsa,0.56351,0.51387,0.66897,0.19326
fabric,['elasticsearch'],15,pbsa,0.6008,0.46676,0.78716,0.27211
fabric,['fabric'],15,pbsa,0.55917,0.40139,0.80435,0.22487
fabric,['googleflutter'],15,pbsa,0.55874,0.40099,0.80349,0.22344
fabric,['homebrew'],15,pbsa,0.55956,0.40296,0.80268,0.22443
fabric,['jgroups'],15,pbsa,0.58223,0.51643,0.71758,0.25102
fabric,['neutron'],15,pbsa,0.538,0.37716,0.80519,0.20277
fabric,['node'],15,pbsa,0.58988,0.51288,0.72743,0.25688
fabric,['nova'],15,pbsa,0.46901,0.38141,0.72289,0.12684
fabric,['npm'],15,pbsa,0.58419,0.46488,0.77692,0.26314
fabric,['panda'],15,pbsa,0.41128,0.23589,0.88203,0.17132
fabric,['pytorch'],15,pbsa,0.5809,0.44857,0.78322,0.2466
fabric,['rails'],15,pbsa,0.60137,0.58507,0.67327,0.27265
fabric,['rust'],15,pbsa,0.58579,0.75669,0.51085,0.27717
fabric,['tensorflow'],15,pbsa,0.55862,0.40094,0.80344,0.22336
fabric,['tomcat'],15,pbsa,0.56866,0.50344,0.70605,0.22768
fabric,['vscode'],15,pbsa,0.55959,0.402,0.80425,0.22533
fabric,['wp-calypso'],15,pbsa,0.55965,0.40226,0.80381,0.22505
googleflutter,['ansible'],15,pbsa,0.50145,0.27091,0.95358,0.33715
googleflutter,['brackets'],15,pbsa,0.3541,0.14352,0.88678,0.13734
googleflutter,['broadleaf'],15,pbsa,0.41601,0.21176,0.87714,0.17883
googleflutter,['camel'],15,pbsa,0.57208,0.36229,0.89657,0.34369
googleflutter,['corefx'],15,pbsa,0.21035,0.06432,0.98403,0.09004
googleflutter,['django'],15,pbsa,0.31983,0.14387,0.76776,-0.07511
googleflutter,['elasticsearch'],15,pbsa,0.35474,0.17368,0.84298,0.08379
googleflutter,['fabric'],15,pbsa,0.32769,0.13245,0.95516,0.15202
googleflutter,['googleflutter'],15,pbsa,0,0,0.99778,-0.02441
googleflutter,['homebrew'],15,pbsa,0,0,0.99778,-0.02441
googleflutter,['jgroups'],15,pbsa,0.24654,0.07605,0.94025,0.13692
googleflutter,['neutron'],15,pbsa,0.03757,0.00924,0.951,0.01487
googleflutter,['node'],15,pbsa,0.3452,0.13222,0.96375,0.23852
googleflutter,['nova'],15,pbsa,0.15815,0.05661,0.92781,0.09668
googleflutter,['npm'],15,pbsa,0.35936,0.14245,0.95473,0.23735
googleflutter,['panda'],15,pbsa,0.31271,0.12164,0.90662,0.10179
googleflutter,['pytorch'],15,pbsa,0.40929,0.17922,0.99243,0.2875
googleflutter,['rails'],15,pbsa,0.27191,0.08106,0.91756,0.11097
googleflutter,['rust'],15,pbsa,0.20751,0.05666,0.96945,0.11303
googleflutter,['tensorflow'],15,pbsa,0.15643,0.0468,0.95094,-0.07302
googleflutter,['tomcat'],15,pbsa,0.27222,0.09822,0.90164,0.15321
googleflutter,['vscode'],15,pbsa,0.14133,0.04345,0.99518,0.06899
googleflutter,['wp-calypso'],15,pbsa,0.12423,0.03482,0.99135,0.04725
homebrew,['ansible'],15,pbsa,0.47572,0.25792,0.88858,0.26428
homebrew,['brackets'],15,pbsa,0.58454,0.64077,0.64887,0.40968
homebrew,['broadleaf'],15,pbsa,0.54173,0.5415,0.7037,0.38628
homebrew,['camel'],15,pbsa,0.56362,0.46282,0.72406,0.27712
homebrew,['corefx'],15,pbsa,0.59621,0.51884,0.72145,0.37652
homebrew,['django'],15,pbsa,0.55712,0.53576,0.6376,0.28049
homebrew,['elasticsearch'],15,pbsa,0.51871,0.45126,0.65538,0.2246
homebrew,['fabric'],15,pbsa,0.48579,0.76801,0.53294,0.39645
homebrew,['googleflutter'],15,pbsa,0.54107,0.36939,0.78418,0.28597
homebrew,['homebrew'],15,pbsa,0.36618,0.22304,0.86453,0.12153
homebrew,['jgroups'],15,pbsa,0.51356,0.7751,0.54133,0.4125
homebrew,['neutron'],15,pbsa,0.61923,0.52408,0.75004,0.39782
homebrew,['node'],15,pbsa,0.55077,0.45948,0.70135,0.28906
homebrew,['nova'],15,pbsa,0.59581,0.52478,0.74626,0.31857
homebrew,['npm'],15,pbsa,0.47776,0.76003,0.53961,0.39362
homebrew,['panda'],15,pbsa,0.56008,0.65272,0.60821,0.36139
homebrew,['pytorch'],15,pbsa,0.50563,0.31843,0.82519,0.25409
homebrew,['rails'],15,pbsa,0.63192,0.61075,0.66653,0.38413
homebrew,['rust'],15,pbsa,0.47218,0.31724,0.72184,0.1749
homebrew,['tensorflow'],15,pbsa,0.54265,0.44513,0.76302,0.27071
homebrew,['tomcat'],15,pbsa,0.58202,0.69104,0.61204,0.40022
homebrew,['vscode'],15,pbsa,0.54738,0.4886,0.71858,0.27336
homebrew,['wp-calypso'],15,pbsa,0.58826,0.56855,0.6932,0.39521
jgroups,['ansible'],15,pbsa,0.47573,0.3542,0.77041,0.13107
jgroups,['brackets'],15,pbsa,0.47652,0.35629,0.7691,0.13178
jgroups,['broadleaf'],15,pbsa,0.47861,0.36035,0.76771,0.1344
jgroups,['camel'],15,pbsa,0.47849,0.36187,0.76425,0.13168
jgroups,['corefx'],15,pbsa,0.4782,0.36171,0.76442,0.13172
jgroups,['django'],15,pbsa,0.47714,0.33902,0.79972,0.15001
jgroups,['elasticsearch'],15,pbsa,0.4762,0.35641,0.76784,0.13058
jgroups,['fabric'],15,pbsa,0.48029,0.36461,0.76382,0.13376
jgroups,['googleflutter'],15,pbsa,0.47973,0.36292,0.76528,0.13405
jgroups,['homebrew'],15,pbsa,0.47656,0.35736,0.76678,0.12998
jgroups,['jgroups'],15,pbsa,0.47859,0.36074,0.76627,0.13283
jgroups,['neutron'],15,pbsa,0.47829,0.36118,0.7653,0.13223
jgroups,['node'],15,pbsa,0.47824,0.35944,0.76702,0.13243
jgroups,['nova'],15,pbsa,0.47748,0.35929,0.76494,0.12968
jgroups,['npm'],15,pbsa,0.47437,0.35638,0.7628,0.12476
jgroups,['panda'],15,pbsa,0.47828,0.36134,0.76547,0.13275
jgroups,['pytorch'],15,pbsa,0.47862,0.35942,0.7685,0.13373
jgroups,['rails'],15,pbsa,0.42817,0.24485,0.88688,0.16855
jgroups,['rust'],15,pbsa,0.48112,0.36517,0.76555,0.13639
jgroups,['tensorflow'],15,pbsa,0.47855,0.36244,0.76413,0.13216
jgroups,['tomcat'],15,pbsa,0.4797,0.36101,0.76884,0.13604
jgroups,['vscode'],15,pbsa,0.47949,0.36372,0.76493,0.13452
jgroups,['wp-calypso'],15,pbsa,0.47807,0.3617,0.76338,0.13046
neutron,['ansible'],15,pbsa,0.67011,0.70752,0.64508,0.35644
neutron,['brackets'],15,pbsa,0.67042,0.61759,0.73802,0.36168
neutron,['broadleaf'],15,pbsa,0.68391,0.66058,0.71837,0.3831
neutron,['camel'],15,pbsa,0.63541,0.67183,0.64738,0.3286
neutron,['corefx'],15,pbsa,0.57406,0.43329,0.78848,0.24063
neutron,['django'],15,pbsa,0.54186,0.46631,0.77396,0.26986
neutron,['elasticsearch'],15,pbsa,0.63459,0.59629,0.71537,0.31944
neutron,['fabric'],15,pbsa,0.66746,0.64181,0.71857,0.36947
neutron,['googleflutter'],15,pbsa,0.55222,0.39237,0.81055,0.22646
neutron,['homebrew'],15,pbsa,0.54059,0.37601,0.81835,0.21973
neutron,['jgroups'],15,pbsa,0.59272,0.56504,0.70443,0.28779
neutron,['neutron'],15,pbsa,0.54059,0.376,0.81834,0.2197
neutron,['node'],15,pbsa,0.45774,0.55028,0.58752,0.15274
neutron,['nova'],15,pbsa,0.53778,0.7332,0.48213,0.21938
neutron,['npm'],15,pbsa,0.55916,0.61528,0.63193,0.26098
neutron,['panda'],15,pbsa,0.60553,0.50233,0.7763,0.30295
neutron,['pytorch'],15,pbsa,0.6101,0.48951,0.77879,0.28385
neutron,['rails'],15,pbsa,0.37716,0.94415,0.16695,0.17336
neutron,['rust'],15,pbsa,0.54182,0.59259,0.59082,0.19038
neutron,['tensorflow'],15,pbsa,0.53969,0.37459,0.81952,0.22
neutron,['tomcat'],15,pbsa,0.62798,0.665,0.64638,0.31922
neutron,['vscode'],15,pbsa,0.5402,0.37537,0.81912,0.22026
neutron,['wp-calypso'],15,pbsa,0.55724,0.4011,0.8085,0.23348
node,['ansible'],15,pbsa,0.56059,0.39209,0.81294,0.22897
node,['brackets'],15,pbsa,0.55562,0.38482,0.81573,0.22535
node,['broadleaf'],15,pbsa,0.61243,0.48058,0.79551,0.29196
node,['camel'],15,pbsa,0.59539,0.51667,0.72926,0.26211
node,['corefx'],15,pbsa,0.5609,0.39265,0.81268,0.22918
node,['django'],15,pbsa,0.48993,0.48761,0.6837,0.20101
node,['elasticsearch'],15,pbsa,0.5913,0.45591,0.78005,0.25189
node,['fabric'],15,pbsa,0.571,0.41806,0.79714,0.23532
node,['googleflutter'],15,pbsa,0.56098,0.39284,0.81256,0.2292
node,['homebrew'],15,pbsa,0.56092,0.39261,0.81286,0.22938
node,['jgroups'],15,pbsa,0.57852,0.62135,0.59737,0.23232
node,['neutron'],15,pbsa,0.54892,0.37323,0.82066,0.22019
node,['node'],15,pbsa,0.5609,0.39266,0.81267,0.22918
node,['nova'],15,pbsa,0.58762,0.45002,0.79165,0.26212
node,['npm'],15,pbsa,0.61115,0.51385,0.74182,0.26542
node,['panda'],15,pbsa,0.55934,0.3938,0.81631,0.236
node,['pytorch'],15,pbsa,0.56109,0.39299,0.81255,0.22934
node,['rails'],15,pbsa,0.53331,0.73858,0.44135,0.19139
node,['rust'],15,pbsa,0.56575,0.58073,0.63053,0.22936
node,['tensorflow'],15,pbsa,0.561,0.39278,0.81267,0.22929
node,['tomcat'],15,pbsa,0.54652,0.49262,0.71088,0.22157
node,['vscode'],15,pbsa,0.56119,0.3931,0.81263,0.22956
node,['wp-calypso'],15,pbsa,0.56099,0.39273,0.81282,0.22943
nova,['ansible'],15,pbsa,0.62559,0.58609,0.7038,0.30021
nova,['brackets'],15,pbsa,0.62566,0.58585,0.7038,0.29979
nova,['broadleaf'],15,pbsa,0.59977,0.49025,0.77663,0.28564
nova,['camel'],15,pbsa,0.60756,0.60679,0.67019,0.29135
nova,['corefx'],15,pbsa,0.62618,0.58728,0.70321,0.30048
nova,['django'],15,pbsa,0.61023,0.55848,0.72342,0.30127
nova,['elasticsearch'],15,pbsa,0.60859,0.63759,0.63825,0.28753
nova,['fabric'],15,pbsa,0.62719,0.59204,0.69994,0.30162
nova,['googleflutter'],15,pbsa,0.62582,0.58778,0.70271,0.3007
nova,['homebrew'],15,pbsa,0.62545,0.58512,0.70461,0.30012
nova,['jgroups'],15,pbsa,0.63302,0.65923,0.64552,0.31485
nova,['neutron'],15,pbsa,0.62515,0.58496,0.70414,0.2994
nova,['node'],15,pbsa,0.58884,0.55106,0.71421,0.28492
nova,['nova'],15,pbsa,0.62578,0.5886,0.70165,0.30039
nova,['npm'],15,pbsa,0.64182,0.61143,0.6956,0.31504
nova,['panda'],15,pbsa,0.63577,0.59713,0.70428,0.30984
nova,['pytorch'],15,pbsa,0.62534,0.58772,0.70179,0.29958
nova,['rails'],15,pbsa,0.58331,0.7419,0.51154,0.2726
nova,['rust'],15,pbsa,0.62834,0.62153,0.66292,0.28956
nova,['tensorflow'],15,pbsa,0.62599,0.58822,0.70243,0.3007
nova,['tomcat'],15,pbsa,0.6265,0.60297,0.69308,0.30728
nova,['vscode'],15,pbsa,0.6252,0.58616,0.70305,0.29946
nova,['wp-calypso'],15,pbsa,0.62505,0.58739,0.70147,0.29897
npm,['ansible'],15,pbsa,0.49326,0.34747,0.76148,0.12491
npm,['brackets'],15,pbsa,0.49141,0.32015,0.80203,0.14403
npm,['broadleaf'],15,pbsa,0.47682,0.32085,0.77983,0.12334
npm,['camel'],15,pbsa,0.51996,0.50092,0.64342,0.16452
npm,['corefx'],15,pbsa,0.49506,0.32224,0.80335,0.14654
npm,['django'],15,pbsa,0.54577,0.46968,0.68861,0.17241
npm,['elasticsearch'],15,pbsa,0.49425,0.32356,0.80088,0.14394
npm,['fabric'],15,pbsa,0.49963,0.33806,0.78208,0.13588
npm,['googleflutter'],15,pbsa,0.49534,0.32256,0.80352,0.14713
npm,['homebrew'],15,pbsa,0.49533,0.32256,0.80348,0.14706
npm,['jgroups'],15,pbsa,0.55737,0.5985,0.5732,0.17848
npm,['neutron'],15,pbsa,0.48789,0.30636,0.82186,0.15391
npm,['node'],15,pbsa,0.4842,0.3559,0.76733,0.14917
npm,['nova'],15,pbsa,0.46735,0.27143,0.84395,0.14735
npm,['npm'],15,pbsa,0.49506,0.32224,0.80335,0.14654
npm,['panda'],15,pbsa,0.47578,0.29907,0.82265,0.15137
npm,['pytorch'],15,pbsa,0.49232,0.31484,0.81023,0.14767
npm,['rails'],15,pbsa,0.55908,0.54267,0.62064,0.17246
npm,['rust'],15,pbsa,0.50837,0.49966,0.59885,0.10514
npm,['tensorflow'],15,pbsa,0.49506,0.32224,0.80335,0.14654
npm,['tomcat'],15,pbsa,0.55117,0.54355,0.62895,0.1896
npm,['vscode'],15,pbsa,0.49536,0.32258,0.80351,0.14713
npm,['wp-calypso'],15,pbsa,0.49461,0.31977,0.80889,0.15071
panda,['ansible'],15,pbsa,0.65958,0.60407,0.7485,0.36103
panda,['brackets'],15,pbsa,0.62848,0.56005,0.74091,0.31181
panda,['broadleaf'],15,pbsa,0.57448,0.46375,0.78345,0.26382
panda,['camel'],15,pbsa,0.566,0.66041,0.55219,0.22319
panda,['corefx'],15,pbsa,0.5879,0.48459,0.75623,0.25356
panda,['django'],15,pbsa,0.48373,0.60693,0.47622,0.08409
panda,['elasticsearch'],15,pbsa,0.59607,0.53976,0.73817,0.29607
panda,['fabric'],15,pbsa,0.64613,0.6016,0.74905,0.36354
panda,['googleflutter'],15,pbsa,0.58764,0.4845,0.7559,0.2531
panda,['homebrew'],15,pbsa,0.58785,0.48457,0.75615,0.25343
panda,['jgroups'],15,pbsa,0.54576,0.59576,0.58315,0.19725
panda,['neutron'],15,pbsa,0.57543,0.43867,0.80431,0.264
panda,['node'],15,pbsa,0.65848,0.62751,0.70959,0.34237
panda,['nova'],15,pbsa,0.52487,0.51824,0.61535,0.139
panda,['npm'],15,pbsa,0.61809,0.60993,0.67559,0.29938
panda,['panda'],15,pbsa,0.58792,0.48478,0.75599,0.25345
panda,['pytorch'],15,pbsa,0.59684,0.48909,0.77564,0.28121
panda,['rails'],15,pbsa,0.55259,0.71221,0.46612,0.19509
panda,['rust'],15,pbsa,0.45457,0.82956,0.30161,0.16847
panda,['tensorflow'],15,pbsa,0.58787,0.48458,0.75619,0.25348
panda,['tomcat'],15,pbsa,0.41901,0.67637,0.44112,0.13678
panda,['vscode'],15,pbsa,0.58772,0.48435,0.7562,0.25327
panda,['wp-calypso'],15,pbsa,0.5879,0.48459,0.75623,0.25356
pytorch,['ansible'],15,pbsa,0.59344,0.5171,0.73511,0.26142
pytorch,['brackets'],15,pbsa,0.54619,0.64401,0.54104,0.19619
pytorch,['broadleaf'],15,pbsa,0.56628,0.43596,0.77926,0.23075
pytorch,['camel'],15,pbsa,0.62279,0.64155,0.63275,0.28287
pytorch,['corefx'],15,pbsa,0.57471,0.64437,0.58564,0.23479
pytorch,['django'],15,pbsa,0.57374,0.66809,0.51394,0.19006
pytorch,['elasticsearch'],15,pbsa,0.57906,0.58146,0.60973,0.1967
pytorch,['fabric'],15,pbsa,0.62907,0.54929,0.74627,0.30541
pytorch,['googleflutter'],15,pbsa,0.52221,0.38287,0.77449,0.16866
pytorch,['homebrew'],15,pbsa,0.56392,0.42495,0.81174,0.24825
pytorch,['jgroups'],15,pbsa,0.58103,0.44907,0.78367,0.25624
pytorch,['neutron'],15,pbsa,0.57761,0.45415,0.77934,0.2502
pytorch,['node'],15,pbsa,0.61177,0.53678,0.73117,0.28242
pytorch,['nova'],15,pbsa,0.54483,0.39804,0.79252,0.21741
pytorch,['npm'],15,pbsa,0.57503,0.46071,0.75878,0.24054
pytorch,['panda'],15,pbsa,0.58822,0.47034,0.75919,0.24471
pytorch,['pytorch'],15,pbsa,0.56369,0.42445,0.81154,0.24762
pytorch,['rails'],15,pbsa,0.57407,0.58506,0.6033,0.19436
pytorch,['rust'],15,pbsa,0.38808,0.87701,0.19743,0.10009
pytorch,['tensorflow'],15,pbsa,0.58096,0.54048,0.68831,0.22946
pytorch,['tomcat'],15,pbsa,0.5847,0.45508,0.78349,0.26327
pytorch,['vscode'],15,pbsa,0.57818,0.57972,0.64607,0.22664
pytorch,['wp-calypso'],15,pbsa,0.6203,0.60521,0.68679,0.29237
rails,['ansible'],15,pbsa,0.48516,0.3287,0.802,0.16124
rails,['brackets'],15,pbsa,0.48516,0.3287,0.802,0.16124
rails,['broadleaf'],15,pbsa,0.48516,0.3287,0.802,0.16124
rails,['camel'],15,pbsa,0.48511,0.32858,0.80224,0.16147
rails,['corefx'],15,pbsa,0.48516,0.3287,0.802,0.16124
rails,['django'],15,pbsa,0.52455,0.38634,0.77025,0.1797
rails,['elasticsearch'],15,pbsa,0.48516,0.3287,0.802,0.16124
rails,['fabric'],15,pbsa,0.48516,0.3287,0.802,0.16124
rails,['googleflutter'],15,pbsa,0.48516,0.3287,0.802,0.16124
rails,['homebrew'],15,pbsa,0.48516,0.3287,0.802,0.16124
rails,['jgroups'],15,pbsa,0.55329,0.51926,0.67209,0.20924
rails,['neutron'],15,pbsa,0.48516,0.3287,0.802,0.16124
rails,['node'],15,pbsa,0.48516,0.3287,0.802,0.16124
rails,['nova'],15,pbsa,0.48516,0.3287,0.802,0.16124
rails,['npm'],15,pbsa,0.48516,0.3287,0.802,0.16124
rails,['panda'],15,pbsa,0.48516,0.3287,0.802,0.16124
rails,['pytorch'],15,pbsa,0.48516,0.3287,0.802,0.16124
rails,['rails'],15,pbsa,0.48516,0.3287,0.802,0.16124
rails,['rust'],15,pbsa,0.48516,0.3287,0.802,0.16124
rails,['tensorflow'],15,pbsa,0.48516,0.3287,0.802,0.16124
rails,['tomcat'],15,pbsa,0.49911,0.34477,0.80056,0.17615
rails,['vscode'],15,pbsa,0.48516,0.3287,0.802,0.16124
rails,['wp-calypso'],15,pbsa,0.48516,0.3287,0.802,0.16124
rust,['ansible'],15,pbsa,0.6095,0.51895,0.76579,0.30265
rust,['brackets'],15,pbsa,0.6095,0.51895,0.76579,0.30265
rust,['broadleaf'],15,pbsa,0.57651,0.4452,0.8218,0.31161
rust,['camel'],15,pbsa,0.59852,0.53966,0.77575,0.35388
rust,['corefx'],15,pbsa,0.60999,0.51975,0.76577,0.30337
rust,['django'],15,pbsa,0.60613,0.51522,0.80969,0.36451
rust,['elasticsearch'],15,pbsa,0.60904,0.49664,0.80865,0.34017
rust,['fabric'],15,pbsa,0.60846,0.5,0.79625,0.32236
rust,['googleflutter'],15,pbsa,0.60949,0.51901,0.76567,0.30256
rust,['homebrew'],15,pbsa,0.60999,0.51975,0.76577,0.30337
rust,['jgroups'],15,pbsa,0.61234,0.54109,0.77996,0.35369
rust,['neutron'],15,pbsa,0.58802,0.46825,0.80204,0.30091
rust,['node'],15,pbsa,0.59356,0.5051,0.78295,0.31693
rust,['nova'],15,pbsa,0.6266,0.53118,0.78792,0.34554
rust,['npm'],15,pbsa,0.55724,0.3881,0.81618,0.23339
rust,['panda'],15,pbsa,0.5928,0.46936,0.83434,0.35238
rust,['pytorch'],15,pbsa,0.60995,0.5197,0.76577,0.30332
rust,['rails'],15,pbsa,0.61078,0.60927,0.69417,0.32375
rust,['rust'],15,pbsa,0.60999,0.51975,0.76577,0.30337
rust,['tensorflow'],15,pbsa,0.60996,0.51978,0.76566,0.30327
rust,['tomcat'],15,pbsa,0.6126,0.52751,0.79416,0.35508
rust,['vscode'],15,pbsa,0.60996,0.51978,0.76566,0.30327
rust,['wp-calypso'],15,pbsa,0.60999,0.51975,0.76577,0.30338
tensorflow,['ansible'],15,pbsa,0.68896,0.69679,0.68956,0.39096
tensorflow,['brackets'],15,pbsa,0.62893,0.58207,0.70954,0.30088
tensorflow,['broadleaf'],15,pbsa,0.63767,0.63174,0.67863,0.32014
tensorflow,['camel'],15,pbsa,0.67334,0.6599,0.6965,0.35953
tensorflow,['corefx'],15,pbsa,0.66803,0.71653,0.63826,0.36126
tensorflow,['django'],15,pbsa,0.59807,0.74139,0.52209,0.27922
tensorflow,['elasticsearch'],15,pbsa,0.65505,0.68186,0.65359,0.34443
tensorflow,['fabric'],15,pbsa,0.64176,0.70753,0.61884,0.33756
tensorflow,['googleflutter'],15,pbsa,0.63333,0.55314,0.74707,0.30941
tensorflow,['homebrew'],15,pbsa,0.62931,0.53462,0.75741,0.30278
tensorflow,['jgroups'],15,pbsa,0.63654,0.61595,0.6873,0.31043
tensorflow,['neutron'],15,pbsa,0.62903,0.67415,0.64337,0.333
tensorflow,['node'],15,pbsa,0.60736,0.68352,0.59352,0.29203
tensorflow,['nova'],15,pbsa,0.63444,0.64502,0.66789,0.32338
tensorflow,['npm'],15,pbsa,0.63809,0.71096,0.59984,0.32151
tensorflow,['panda'],15,pbsa,0.60897,0.69676,0.57723,0.2867
tensorflow,['pytorch'],15,pbsa,0.60916,0.50176,0.77393,0.28825
tensorflow,['rails'],15,pbsa,0.58812,0.76116,0.5106,0.28965
tensorflow,['rust'],15,pbsa,0.58843,0.7828,0.49436,0.29064
tensorflow,['tensorflow'],15,pbsa,0.62895,0.53387,0.75807,0.30288
tensorflow,['tomcat'],15,pbsa,0.60711,0.70955,0.56998,0.2968
tensorflow,['vscode'],15,pbsa,0.64104,0.5812,0.72917,0.31661
tensorflow,['wp-calypso'],15,pbsa,0.67459,0.61855,0.74343,0.36709
tomcat,['ansible'],15,pbsa,0.51439,0.36385,0.79802,0.18116
tomcat,['brackets'],15,pbsa,0.51439,0.36385,0.79802,0.18116
tomcat,['broadleaf'],15,pbsa,0.51649,0.36793,0.79957,0.18827
tomcat,['camel'],15,pbsa,0.5086,0.3298,0.85153,0.21311
tomcat,['corefx'],15,pbsa,0.51439,0.36385,0.79802,0.18116
tomcat,['django'],15,pbsa,0.56296,0.46224,0.72161,0.19854
tomcat,['elasticsearch'],15,pbsa,0.51738,0.37945,0.78306,0.18083
tomcat,['fabric'],15,pbsa,0.51439,0.36385,0.79802,0.18116
tomcat,['googleflutter'],15,pbsa,0.51439,0.36385,0.79802,0.18116
tomcat,['homebrew'],15,pbsa,0.51439,0.36385,0.79802,0.18116
tomcat,['jgroups'],15,pbsa,0.59174,0.65461,0.56518,0.22762
tomcat,['neutron'],15,pbsa,0.51439,0.36385,0.79802,0.18116
tomcat,['node'],15,pbsa,0.50741,0.35421,0.80913,0.18769
tomcat,['nova'],15,pbsa,0.51383,0.35949,0.80348,0.183
tomcat,['npm'],15,pbsa,0.52002,0.38094,0.78573,0.18476
tomcat,['panda'],15,pbsa,0.51007,0.35372,0.80563,0.18023
tomcat,['pytorch'],15,pbsa,0.51439,0.36385,0.79802,0.18116
tomcat,['rails'],15,pbsa,0.52638,0.42958,0.72253,0.17003
tomcat,['rust'],15,pbsa,0.51399,0.36294,0.79826,0.18054
tomcat,['tensorflow'],15,pbsa,0.51439,0.36385,0.79802,0.18116
tomcat,['tomcat'],15,pbsa,0.51439,0.36385,0.79802,0.18116
tomcat,['vscode'],15,pbsa,0.51439,0.36385,0.79802,0.18116
tomcat,['wp-calypso'],15,pbsa,0.51439,0.36385,0.79802,0.18116
vscode,['ansible'],15,pbsa,0.6183,0.60304,0.74848,0.38599
vscode,['brackets'],15,pbsa,0.61146,0.61755,0.74813,0.40336
vscode,['broadleaf'],15,pbsa,0.58413,0.53308,0.73885,0.30852
vscode,['camel'],15,pbsa,0.61135,0.53329,0.78098,0.35533
vscode,['corefx'],15,pbsa,0.62188,0.55423,0.80453,0.40356
vscode,['django'],15,pbsa,0.59276,0.64575,0.66204,0.33338
vscode,['elasticsearch'],15,pbsa,0.50282,0.32701,0.82993,0.19761
vscode,['fabric'],15,pbsa,0.63663,0.5783,0.81647,0.43882
vscode,['googleflutter'],15,pbsa,0.48638,0.26689,0.91539,0.25568
vscode,['homebrew'],15,pbsa,0.56683,0.39399,0.84693,0.28618
vscode,['jgroups'],15,pbsa,0.62151,0.62291,0.76777,0.43636
vscode,['neutron'],15,pbsa,0.60441,0.594,0.7678,0.40409
vscode,['node'],15,pbsa,0.57266,0.57945,0.71971,0.3444
vscode,['nova'],15,pbsa,0.55886,0.43492,0.84407,0.35077
vscode,['npm'],15,pbsa,0.57043,0.47094,0.79124,0.30331
vscode,['panda'],15,pbsa,0.6278,0.64237,0.74425,0.41397
vscode,['pytorch'],15,pbsa,0.58136,0.46798,0.81561,0.33151
vscode,['rails'],15,pbsa,0.57093,0.51987,0.75573,0.32835
vscode,['rust'],15,pbsa,0.60576,0.52054,0.81857,0.39169
vscode,['tensorflow'],15,pbsa,0.55925,0.57648,0.654,0.2507
vscode,['tomcat'],15,pbsa,0.57069,0.65489,0.6133,0.29163
vscode,['vscode'],15,pbsa,0.56675,0.39394,0.84685,0.28605
vscode,['wp-calypso'],15,pbsa,0.59586,0.4823,0.79599,0.31961
wp-calypso,['ansible'],15,pbsa,0.5354,0.39459,0.78248,0.18675
wp-calypso,['brackets'],15,pbsa,0.49128,0.48585,0.54451,0.05717
wp-calypso,['broadleaf'],15,pbsa,0.52092,0.37025,0.75999,0.17118
wp-calypso,['camel'],15,pbsa,0.55778,0.50386,0.65466,0.15923
wp-calypso,['corefx'],15,pbsa,0.45137,0.25874,0.8754,0.16048
wp-calypso,['django'],15,pbsa,0.50816,0.48014,0.55789,0.06884
wp-calypso,['elasticsearch'],15,pbsa,0.52776,0.41983,0.74667,0.16581
wp-calypso,['fabric'],15,pbsa,0.53785,0.47629,0.67015,0.14699
wp-calypso,['googleflutter'],15,pbsa,0.46081,0.28033,0.83823,0.13535
wp-calypso,['homebrew'],15,pbsa,0.50891,0.39485,0.76361,0.16488
wp-calypso,['jgroups'],15,pbsa,0.4663,0.28375,0.82775,0.15289
wp-calypso,['neutron'],15,pbsa,0.55936,0.4699,0.67411,0.18979
wp-calypso,['node'],15,pbsa,0.53453,0.40133,0.72792,0.18353
wp-calypso,['nova'],15,pbsa,0.51884,0.43055,0.64334,0.11225
wp-calypso,['npm'],15,pbsa,0.51419,0.39064,0.74488,0.13803
wp-calypso,['panda'],15,pbsa,0.50466,0.43985,0.64885,0.13595
wp-calypso,['pytorch'],15,pbsa,0.51119,0.37507,0.79226,0.165
wp-calypso,['rails'],15,pbsa,0.5295,0.47531,0.63049,0.12722
wp-calypso,['rust'],15,pbsa,0.45027,0.63654,0.3985,0.02546
wp-calypso,['tensorflow'],15,pbsa,0.53178,0.38242,0.81733,0.21461
wp-calypso,['tomcat'],15,pbsa,0.52549,0.40115,0.70477,0.15413
wp-calypso,['vscode'],15,pbsa,0.52377,0.42563,0.72632,0.15257
wp-calypso,['wp-calypso'],15,pbsa,0.50979,0.39747,0.76174,0.16529
so,['wp-calypso'],15,pbsa,0.50979,0.39747,0.76174,0.16529
